"Sr. No.","State","Hon'ble Members of Parliaments","Constituency","Allocated AMOUNT ( ₹ )"
"1","ANDAMAN AND NICOBAR ISLANDS","BISHNU PADA RAY","ANDAMAN AND NICOBAR ISLANDS","50,000,000"
"2","ANDHRA PRADESH","APPALANAIDU KALISETTI","VIZIANAGARAM","50,000,000"
"3","ANDHRA PRADESH","BALASHOWRY VALLABHANENI","MACHILIPATNAM","50,000,000"
"4","ANDHRA PRADESH","BYREDDY SHABARI","NANDYAL","50,000,000"
"5","ANDHRA PRADESH","CHANDRA SEKHAR PEMMASANI","GUNTUR","50,000,000"
"6","ANDHRA PRADESH","CHINTHA ANURADHA","AMALAPURAM","50,000,000"
"7","ANDHRA PRADESH","DAGUMALLA PRASADA RAO","CHITTOOR","50,000,000"
"8","ANDHRA PRADESH","G M HARISH BALAYOGI","AMALAPURAM","50,000,000"
"9","ANDHRA PRADESH","GUMMANUR JAYARAM","KURNOOL","50,000,000"
"10","ANDHRA PRADESH","KESINENI SIVANATH","VIJAYAWADA","50,000,000"
"11","ANDHRA PRADESH","KINJARAPU RAM MOHAN NAIDU","SRIKAKULAM","50,000,000"
"12","ANDHRA PRADESH","KOTHAPALLI GEETHA","ARAKU","50,000,000"
"13","ANDHRA PRADESH","LAVU SRI KRISHNA DEVARAYALU","NARASARAOPET","50,000,000"
"14","ANDHRA PRADESH","M GURUMOORTHY","TIRUPATI","50,000,000"
"15","ANDHRA PRADESH","MAGUNTA SREENIVASULU REDDY","ONGOLE","50,000,000"
"16","ANDHRA PRADESH","MATHUKUMILLI BHARAT","VISAKHAPATNAM","50,000,000"
"17","ANDHRA PRADESH","MIDHUN REDDY P V","RAJAMPET","50,000,000"
"18","ANDHRA PRADESH","PURANDESWARI DAGGUBATI","RAJAHMUNDRY","50,000,000"
"19","ANDHRA PRADESH","PUTTA MAHESH KUMAR","ELURU","50,000,000"
"20","ANDHRA PRADESH","RAGHU RAMA KRISHNA RAJU","NARASAPURAM","50,000,000"
"21","ANDHRA PRADESH","TANGIRALA SOWMYA","NANDIGAMA","50,000,000"
"22","ANDHRA PRADESH","VEMIREDDY PRABHAKAR REDDY","NELLORE","50,000,000"
"23","ANDHRA PRADESH","Y S AVINASH REDDY","KADAPA","50,000,000"
"24","ANDHRA PRADESH","B K PARTHASARATHI","HINDUPUR","50,000,000"
"25","ANDHRA PRADESH","AMBICA G LAKSHMINARAYANA","ANANTAPUR","50,000,000"
"26","ARUNACHAL PRADESH","KIREN RIJIJU","ARUNACHAL WEST","50,000,000"
"27","ARUNACHAL PRADESH","TAPIR GAO","ARUNACHAL EAST","50,000,000"
"28","ASSAM","BIJOY KRISHNA HANDIQUE","JORHAT","50,000,000"
"29","ASSAM","DILIP SAIKIA","DARRANG-UDALGURI","50,000,000"
"30","ASSAM","GAURAV GOGOI","JORHAT","50,000,000"
"31","ASSAM","KRIPA NATH MALLAH","KARIMGANJ","50,000,000"
"32","ASSAM","MUKESH SAHARIA","TEZPUR","50,000,000"
"33","ASSAM","PARIMAL SUKLABAIDYA","SILCHAR","50,000,000"
"34","ASSAM","PRADYUT BORDOLOI","NAGAON","50,000,000"
"35","ASSAM","RAKIBUL HUSSAIN","DHUBRI","50,000,000"
"36","ASSAM","RANJIT DUTTA","SONITPUR","50,000,000"
"37","ASSAM","SARBANANDA SONOWAL","DIBRUGARH","50,000,000"
"38","ASSAM","AMARSING TISSO","DIPHU","50,000,000"
"39","ASSAM","BIJULI KALITA MEDHI","GUWAHATI","50,000,000"
"40","ASSAM","JAYANTA BASUMATARY","KOKRAJHAR","50,000,000"
"41","ASSAM","PHANI BHUSAN CHOUDHURY","BARPETA","50,000,000"
"42","BIHAR","ABHAY KUMAR SINHA","AURANGABAD","50,000,000"
"43","BIHAR","ALOK KUMAR SUMAN","GOPALGANJ","50,000,000"
"44","BIHAR","ASHOK KUMAR YADAV","MADHUBANI","50,000,000"
"45","BIHAR","CHIRAG PASWAN","HAJIPUR","50,000,000"
"46","BIHAR","DEVESH CHANDRA THAKUR","SITAMARHI","50,000,000"
"47","BIHAR","DILESHWAR KAMAIT","SUPAUL","50,000,000"
"48","BIHAR","DINESH CHANDRA YADAV","MADHEPURA","50,000,000"
"49","BIHAR","GIRIRAJ SINGH","BEGUSARAI","50,000,000"
"50","BIHAR","GOPAL JEE THAKUR","DARBHANGA","50,000,000"
"51","BIHAR","JITAN RAM MANJHI","GAYA","50,000,000"
"52","BIHAR","LALAN SINGH","MUNGER","50,000,000"
"53","BIHAR","LOVELY ANAND","SHEOHAR","50,000,000"
"54","BIHAR","MISA BHARTI","PATLIPUTRA","50,000,000"
"55","BIHAR","MOHAMMAD JAWED","KISHANGANJ","50,000,000"
"56","BIHAR","MUKESH SAHANI","KHAGARIA","50,000,000"
"57","BIHAR","NITYANAND RAI","UJIARPUR","50,000,000"
"58","BIHAR","PAPPU YADAV","PURNEA","50,000,000"
"59","BIHAR","PRADEEP KUMAR SINGH","ARARIA","50,000,000"
"60","BIHAR","RADHA MOHAN SINGH","PURVI CHAMPARAN","50,000,000"
"61","BIHAR","RAJ BHUSHAN CHOUDHARY","MUZAFFARPUR","50,000,000"
"62","BIHAR","RAJIV PRATAP RUDY","SARAN","50,000,000"
"63","BIHAR","RAM KRIPAL YADAV","PATLIPUTRA","50,000,000"
"64","BIHAR","RAMPRIT MANDAL","JHANJHARPUR","50,000,000"
"65","BIHAR","RAVI SHANKAR PRASAD","PATNA SAHIB","50,000,000"
"66","BIHAR","SAMBHAVI CHOUDHARY","SAMASTIPUR","50,000,000"
"67","BIHAR","SANJAY JAISWAL","PASCHIM CHAMPARAN","50,000,000"
"68","BIHAR","SANTOSH KUMAR","PURNEA","50,000,000"
"69","BIHAR","SHAMBHAVI CHOUDHARY","SAMASTIPUR","50,000,000"
"70","BIHAR","SUDAMA PRASAD","ARRAH","50,000,000"
"71","BIHAR","SUDHAKAR SINGH","BUXAR","50,000,000"
"72","BIHAR","SURENDRA PRASAD YADAV","JAHANABAD","50,000,000"
"73","BIHAR","TARIQ ANWAR","KATIHAR","50,000,000"
"74","BIHAR","VIVEK THAKUR","NAWADA","50,000,000"
"75","BIHAR","DULAL CHANDRA GOSWAMI","KATIHAR","50,000,000"
"76","BIHAR","SUNIL KUMAR","VALMIKI NAGAR","50,000,000"
"77","BIHAR","AJAY KUMAR MANDAL","BHAGALPUR","50,000,000"
"78","BIHAR","GIRIDHARI YADAV","BANKA","50,000,000"
"79","BIHAR","JANARDAN SINGH SIGRIWAL","MAHARAJGANJ","50,000,000"
"80","BIHAR","KAVITA SINGH","SIWAN","50,000,000"
"81","BIHAR","VEENA DEVI","VAISHALI","50,000,000"
"82","CHANDIGARH","MANISH TEWARI","CHANDIGARH","50,000,000"
"83","CHHATTISGARH","BRIJMOHAN AGRAWAL","RAIPUR","50,000,000"
"84","CHHATTISGARH","CHHINTAMANI MAHARAJ","SURGUJA","50,000,000"
"85","CHHATTISGARH","DEVENDRA YADAV","BILASPUR","50,000,000"
"86","CHHATTISGARH","JYOTSNA CHARANDAS MAHANT","KORBA","50,000,000"
"87","CHHATTISGARH","KAMLESH JANGDE","JANJGIR-CHAMPA","50,000,000"
"88","CHHATTISGARH","MAHESH KASHYAP","BASTAR","50,000,000"
"89","CHHATTISGARH","RADHESHYAM RATHIYA","RAIGARH","50,000,000"
"90","CHHATTISGARH","ROOP KUMARI CHOUDHARY","MAHASAMUND","50,000,000"
"91","CHHATTISGARH","SANTOSH PANDEY","RAJNANDGAON","50,000,000"
"92","CHHATTISGARH","TOKHAN SAHU","BILASPUR","50,000,000"
"93","CHHATTISGARH","VIJAY BAGHEL","DURG","50,000,000"
"94","DADRA AND NAGAR HAVELI AND DAMAN AND DIU","DELKAR KALABEN MOHANBHAI","DADRA AND NAGAR HAVELI","50,000,000"
"95","DADRA AND NAGAR HAVELI AND DAMAN AND DIU","PATEL UMESHBHOI BABUBHAI","DAMAN AND DIU","50,000,000"
"96","DELHI","BANSURI SWARAJ","NEW DELHI","50,000,000"
"97","DELHI","HARSH MALHOTRA","EAST DELHI","50,000,000"
"98","DELHI","KAMALJEET SEHRAWAT","WEST DELHI","50,000,000"
"99","DELHI","MANOJ TIWARI","NORTH EAST DELHI","50,000,000"
"100","DELHI","PRAVEEN KHANDELWAL","CHANDNI CHOWK","50,000,000"
"101","DELHI","RAMVIR SINGH BIDHURI","SOUTH DELHI","50,000,000"
"102","DELHI","YOGENDER CHANDOLIYA","NORTH WEST DELHI","50,000,000"
"103","GOA","SHRIPAD YESSO NAIK","NORTH GOA","50,000,000"
"104","GOA","VIRIDIANA FERNANDES","SOUTH GOA","50,000,000"
"105","GUJARAT","AMIT SHAH","GANDHINAGAR","50,000,000"
"106","GUJARAT","BHARATSINHJI DABHI","PATAN","50,000,000"
"107","GUJARAT","CHANDUBHAI CHHAGANBHAI SHIHORA","SURENDRANAGAR","50,000,000"
"108","GUJARAT","C R PATIL","NAVSARI","50,000,000"
"109","GUJARAT","DEVUSINH CHAUHAN","KHEDA","50,000,000"
"110","GUJARAT","DINESHBHAI MAKWANA","AHMEDABAD WEST","50,000,000"
"111","GUJARAT","GENIBEN THAKOR","BANASKANTHA","50,000,000"
"112","GUJARAT","HASMUKHBHAI PATEL","AHMEDABAD EAST","50,000,000"
"113","GUJARAT","HEMANG JOSHI","VADODARA","50,000,000"
"114","GUJARAT","JASHVANTSINH SUMANBHAI BHABHOR","DAHOD","50,000,000"
"115","GUJARAT","MANSUKH MANDAVIYA","PORBANDAR","50,000,000"
"116","GUJARAT","MUKESHKUMAR CHANDRAKANT DALAL","SURAT","50,000,000"
"117","GUJARAT","NIMUBEN BAMBHANIYA","BHAVNAGAR","50,000,000"
"118","GUJARAT","PARSHOTTAM RUPALA","RAJKOT","50,000,000"
"119","GUJARAT","PRABHUBHAI NAGARBHAI VASAVA","BARDOLI","50,000,000"
"120","GUJARAT","PUNAMBEN MAADAM","JAMNAGAR","50,000,000"
"121","GUJARAT","RAJESHBHAI CHUDASAMA","JUNAGADH","50,000,000"
"122","GUJARAT","RAMESHBHAI DHADUK","PORBANDAR","50,000,000"
"123","GUJARAT","SHOBHANABEN BARAIYA","SABARKANTHA","50,000,000"
"124","GUJARAT","VINOD LAKHAMSHI CHAVDA","KACHCHH","50,000,000"
"125","GUJARAT","MITESH PATEL","ANAND","50,000,000"
"126","GUJARAT","DHAVAL PATEL","VALSAD","50,000,000"
"127","GUJARAT","MANSUKHBHAI VASAVA","BHARUCH","50,000,000"
"128","GUJARAT","JASWANTSINH PARMAR","PANCHMAHAL","50,000,000"
"129","GUJARAT","HARIBHAI PATEL","MEHSANA","50,000,000"
"130","GUJARAT","BHARATBHAI SUTARIYA","AMRELI","50,000,000"
"131","HARYANA","DEEPENDER SINGH HOODA","ROHTAK","50,000,000"
"132","HARYANA","DHARAMBIR SINGH","BHIWANI-MAHENDRAGARH","50,000,000"
"133","HARYANA","JAI PARKASH","HISAR","50,000,000"
"134","HARYANA","KRISHAN PAL GURJAR","FARIDABAD","50,000,000"
"135","HARYANA","KUMARI SELJA","SIRSA","50,000,000"
"136","HARYANA","MANOHAR LAL KHATTAR","KARNAL","50,000,000"
"137","HARYANA","NAVEEN JINDAL","KURUKSHETRA","50,000,000"
"138","HARYANA","RAO INDERJIT SINGH","GURGAON","50,000,000"
"139","HARYANA","SATPAL BRAHMACHARI","SONIPAT","50,000,000"
"140","HARYANA","VARUN CHAUDHRY","AMBALA","50,000,000"
"141","HIMACHAL PRADESH","ANURAG SINGH THAKUR","HAMIRPUR","50,000,000"
"142","HIMACHAL PRADESH","KANGANA RANAUT","MANDI","50,000,000"
"143","HIMACHAL PRADESH","RAJEEV BHARDWAJ","KANGRA","50,000,000"
"144","HIMACHAL PRADESH","SURESH KUMAR KASHYAP","SHIMLA","50,000,000"
"145","JAMMU AND KASHMIR","AGA SYED RUHULLAH MEHDI","SRINAGAR","50,000,000"
"146","JAMMU AND KASHMIR","ENGINEER RASHID","BARAMULLA","50,000,000"
"147","JAMMU AND KASHMIR","JITENDRA SINGH","UDHAMPUR","50,000,000"
"148","JAMMU AND KASHMIR","JUGAL KISHORE SHARMA","JAMMU","50,000,000"
"149","JAMMU AND KASHMIR","MIAN ALTAF AHMAD","ANANTNAG-RAJOURI","50,000,000"
"150","JHARKHAND","ANNAPURNA DEVI","KODERMA","50,000,000"
"151","JHARKHAND","BIDYUT BARAN MAHATO","JAMSHEDPUR","50,000,000"
"152","JHARKHAND","DHULU MAHTO","DHANBAD","50,000,000"
"153","JHARKHAND","JOBHA MANJHI","SINGHBHUM","50,000,000"
"154","JHARKHAND","KALICHARAN SINGH","CHATRA","50,000,000"
"155","JHARKHAND","MANISH JAISWAL","HAZARIBAGH","50,000,000"
"156","JHARKHAND","NALIN SOREN","DUMKA","50,000,000"
"157","JHARKHAND","NISHIKANT DUBEY","GODDA","50,000,000"
"158","JHARKHAND","SANJAY SETH","RANCHI","50,000,000"
"159","JHARKHAND","SUKHDEO BHAGAT","LOHARDAGA","50,000,000"
"160","JHARKHAND","VIJAY KUMAR HANSDAK","RAJMAHAL","50,000,000"
"161","JHARKHAND","VISHNU DAYAL RAM","PALAMU","50,000,000"
"162","JHARKHAND","CHANDRAPRAKASH CHOUDHARY","GIRIDIH","50,000,000"
"163","JHARKHAND","KALI CHARAN MUNDA","KHUNTI","50,000,000"
"164","KARNATAKA","BASAVARAJ BOMMAI","HAVERI","50,000,000"
"165","KARNATAKA","B Y RAGHAVENDRA","SHIMOGA","50,000,000"
"166","KARNATAKA","C N MANJUNATH","BANGALORE RURAL","50,000,000"
"167","KARNATAKA","E T MOHAMMED BASHEER","GULBARGA","50,000,000"
"168","KARNATAKA","GOVIND KARJOL","CHITRADURGA","50,000,000"
"169","KARNATAKA","H D KUMARASWAMY","MANDYA","50,000,000"
"170","KARNATAKA","JAGADISH SHETTAR","BELGAUM","50,000,000"
"171","KARNATAKA","K SUDHAKAR","CHIKKABALLAPUR","50,000,000"
"172","KARNATAKA","M MALLIKARJUN KHARGE","GULBARGA","50,000,000"
"173","KARNATAKA","MALIKARJUN KHARGE","GULBARGA","50,000,000"
"174","KARNATAKA","PRAHLAD JOSHI","DHARWAD","50,000,000"
"175","KARNATAKA","RADHAKRISHNA DODDAMANI","GULBARGA","50,000,000"
"176","KARNATAKA","S MUNISWAMY","KOLAR","50,000,000"
"177","KARNATAKA","SHOBHA KARANDLAJE","BANGALORE NORTH","50,000,000"
"178","KARNATAKA","TEJASVI SURYA","BANGALORE SOUTH","50,000,000"
"179","KARNATAKA","V SOMANNA","TUMKUR","50,000,000"
"180","KARNATAKA","VISHWESHWAR HEGDE KAGERI","UTTARA KANNADA","50,000,000"
"181","KARNATAKA","YADUVEER KRISHNADATTA CHAMARAJA WADIYAR","MYSORE","50,000,000"
"182","KARNATAKA","G M SIDDESHWAR","DAVANAGERE","50,000,000"
"183","KARNATAKA","PRABHAKAR KORE","CHIKKODI","50,000,000"
"184","KARNATAKA","P C MOHAN","BANGALORE CENTRAL","50,000,000"
"185","KARNATAKA","RAMESH JIGAJINAGI","BIJAPUR","50,000,000"
"186","KARNATAKA","KUMAR BANGARAPPA","SHIMOGA","50,000,000"
"187","KARNATAKA","KOTA SRINIVAS POOJARY","UDUPI CHIKMAGALUR","50,000,000"
"188","KARNATAKA","BRIJESH CHOWTA","DAKSHINA KANNADA","50,000,000"
"189","KARNATAKA","SHREYAS M PATEL","HASSAN","50,000,000"
"190","KARNATAKA","G KUMAR NAIK","RAICHUR","50,000,000"
"191","KARNATAKA","TUKARAM E","BELLARY","50,000,000"
"192","KERALA","A M ARIFF","ALAPPUZHA","50,000,000"
"193","KERALA","ANTO ANTONY","PATHANAMTHITTA","50,000,000"
"194","KERALA","DEAN KURIAKOSE","IDUKKI","50,000,000"
"195","KERALA","E T MOHAMMED BASHEER","MALAPPURAM","50,000,000"
"196","KERALA","HIBI EDEN","ERNAKULAM","50,000,000"
"197","KERALA","K C VENUGOPAL","ALAPPUZHA","50,000,000"
"198","KERALA","K FRANCIS GEORGE","KOTTAYAM","50,000,000"
"199","KERALA","K MURALEEDHARAN","THRISSUR","50,000,000"
"200","KERALA","K RADHAKRISHNAN","ALATHUR","50,000,000"
"201","KERALA","K SUDHAKARAN","KANNUR","50,000,000"
"202","KERALA","M K RAGHAVAN","KOZHIKODE","50,000,000"
"203","KERALA","N K PREMACHANDRAN","KOLLAM","50,000,000"
"204","KERALA","RAJMOHAN UNNITHAN","KASARAGOD","50,000,000"
"205","KERALA","SHAFI PARAMBIL","VADAKARA","50,000,000"
"206","KERALA","SHASHI THAROOR","THIRUVANANTHAPURAM","50,000,000"
"207","KERALA","SURESH GOPI","THRISSUR","50,000,000"
"208","KERALA","V K SREEKANDAN","PALAKKAD","50,000,000"
"209","KERALA","KODIKUNNIL SURESH","MAVELIKARA","50,000,000"
"210","KERALA","M P ABDUSSAMAD SAMADANI","PONNANI","50,000,000"
"211","KERALA","PRIYANKA GANDHI VADRA","WAYANAD","50,000,000"
"212","LADAKH","MOHMAD HANEEFA","LADAKH","50,000,000"
"213","LAKSHADWEEP","MUHAMMED HAMDULLAH SAYEED","LAKSHADWEEP","50,000,000"
"214","MADHYA PRADESH","ALOK SHARMA","BHOPAL","50,000,000"
"215","MADHYA PRADESH","ANIL FIROJIYA","UJJAIN","50,000,000"
"216","MADHYA PRADESH","ASHISH DUBEY","JABALPUR","50,000,000"
"217","MADHYA PRADESH","BHARAT SINGH KUSHWAH","GWALIOR","50,000,000"
"218","MADHYA PRADESH","DARSHITA SINGH","KHAJURAHO","50,000,000"
"219","MADHYA PRADESH","GAJENDRA PATEL","KHARGONE","50,000,000"
"220","MADHYA PRADESH","HIMADRI SINGH","SHAHDOL","50,000,000"
"221","MADHYA PRADESH","JYOTIRADITYA SCINDIA","GUNA","50,000,000"
"222","MADHYA PRADESH","KANGANA YADAV","MORENA","50,000,000"
"223","MADHYA PRADESH","LATA WANKHEDE","SAGAR","50,000,000"
"224","MADHYA PRADESH","MAHENDRA SINGH SOLANKI","DEWAS","50,000,000"
"225","MADHYA PRADESH","MANSHANKAR RAWAT","RATLAM","50,000,000"
"226","MADHYA PRADESH","RAKESH SINGH","JABALPUR","50,000,000"
"227","MADHYA PRADESH","RODMAL NAGAR","RAJGARH","50,000,000"
"228","MADHYA PRADESH","SANDHYA RAY","BHIND","50,000,000"
"229","MADHYA PRADESH","SAVITRI THAKUR","DHAR","50,000,000"
"230","MADHYA PRADESH","SHANKAR LALWANI","INDORE","50,000,000"
"231","MADHYA PRADESH","SHIVRAJ SINGH CHOUHAN","VIDISHA","50,000,000"
"232","MADHYA PRADESH","SUDHIR GUPTA","MANDSAUR","50,000,000"
"233","MADHYA PRADESH","VIRENDRA KUMAR","TIKAMGARH","50,000,000"
"234","MADHYA PRADESH","V D SHARMA","KHAJURAHO","50,000,000"
"235","MADHYA PRADESH","DURGADAS UIKEY","BETUL","50,000,000"
"236","MADHYA PRADESH","FAGGAN SINGH KULASTE","MANDLA","50,000,000"
"237","MADHYA PRADESH","JANARDAN MISHRA","REWA","50,000,000"
"238","MADHYA PRADESH","GANESH SINGH","SATNA","50,000,000"
"239","MADHYA PRADESH","RAJESH MISHRA","SIDHI","50,000,000"
"240","MADHYA PRADESH","BUNTY VIVEK SAHU","CHHINDWARA","50,000,000"
"241","MADHYA PRADESH","BHARTI PARDHI","BALAGHAT","50,000,000"
"242","MADHYA PRADESH","DARSHAN SINGH CHOUDHARY","HOSHANGABAD","50,000,000"
"243","MAHARASHTRA","AMOL GAJANAN KIRTIKAR","MUMBAI NORTH WEST","50,000,000"
"244","MAHARASHTRA","ANUP SANJAY DHOTRE","AKOLA","50,000,000"
"245","MAHARASHTRA","ARVIND SAWANT","MUMBAI SOUTH","50,000,000"
"246","MAHARASHTRA","BALWANT BASWANT WANKHADE","AMRAVATI","50,000,000"
"247","MAHARASHTRA","BHAUSAHEB RAJARAM WAKCHAURE","SHIRDI","50,000,000"
"248","MAHARASHTRA","CHANDRAKANT KHARE","CHHATRAPATI SAMBHAJINAGAR","50,000,000"
"249","MAHARASHTRA","CHAVAN VASANTRAO BALWANTRAO","NANDED",""
"250","MAHARASHTRA","DHANANJAY MAHADIK","KOLHAPUR","50,000,000"
"251","MAHARASHTRA","DHAIRYASHEEL MOHITE PATIL","MADHA","50,000,000"
"252","MAHARASHTRA","GOWAL KAGADA PADVI","NANDURBAR","50,000,000"
"253","MAHARASHTRA","HEMANT VISHNU SAVARA","PALGHAR","50,000,000"
"254","MAHARASHTRA","KALYANRAO PATIL","OSMANABAD","50,000,000"
"255","MAHARASHTRA","KALYAN JADHAV","BULDHANA","50,000,000"
"256","MAHARASHTRA","MEDHA VISHRAM KULKARNI","PUNE","50,000,000"
"257","MAHARASHTRA","MURLIDHAR MOHOL","PUNE","50,000,000"
"258","MAHARASHTRA","NANA PATOLE","BHANDARA-GONDIYA","50,000,000"
"259","MAHARASHTRA","NARESH GANPAT MHASKE","THANE","50,000,000"
"260","MAHARASHTRA","NITIN GADKARI","NAGPUR","50,000,000"
"261","MAHARASHTRA","OMPRAKASH RAJENIMBALKAR","DHARASHIV","50,000,000"
"262","MAHARASHTRA","PIYUSH GOYAL","MUMBAI NORTH","50,000,000"
"263","MAHARASHTRA","PRANITI SHINDE","SOLAPUR","50,000,000"
"264","MAHARASHTRA","PRATIBHA DHANORKAR","CHANDRAPUR","50,000,000"
"265","MAHARASHTRA","PRAVEEN PATEL","WARDHA","50,000,000"
"266","MAHARASHTRA","RAHUL SHEWALE","MUMBAI SOUTH CENTRAL","50,000,000"
"267","MAHARASHTRA","RAJAN VICHARE","THANE","50,000,000"
"268","MAHARASHTRA","SANJAY DINA PATIL","MUMBAI NORTH EAST","50,000,000"
"269","MAHARASHTRA","SANJAYKAKA PATIL","SANGLI","50,000,000"
"270","MAHARASHTRA","SANJAY UTTAMRAO DESHMUKH","YAVATMAL-WASHIM","50,000,000"
"271","MAHARASHTRA","SHAILESH JADHAV","HINGOLI","50,000,000"
"272","MAHARASHTRA","SHIVAJIRAO KALGE","LATUR","50,000,000"
"273","MAHARASHTRA","SHRIKANT SHINDE","KALYAN","50,000,000"
"274","MAHARASHTRA","SHRINGARE SUDHAKAR TUKARAM","LATUR","50,000,000"
"275","MAHARASHTRA","SMITA WAGH","JALGAON","50,000,000"
"276","MAHARASHTRA","SUNIL TATKARE","RAIGAD","50,000,000"
"277","MAHARASHTRA","SUPRIYA SULE","BARAMATI","50,000,000"
"278","MAHARASHTRA","SURESH DHANORKAR","CHANDRAPUR","50,000,000"
"279","MAHARASHTRA","UDAYANRAJE BHOSALE","SATARA","50,000,000"
"280","MAHARASHTRA","VARSHA GAIKWAD","MUMBAI NORTH CENTRAL","50,000,000"
"281","MAHARASHTRA","VIKAS THAKRE","NAGPUR","50,000,000"
"282","MAHARASHTRA","VISHAL PATIL","SANGLI","50,000,000"
"283","MAHARASHTRA","ANIL DESAI","MUMBAI SOUTH CENTRAL","50,000,000"
"284","MAHARASHTRA","BHASKAR BHAGARE","DINDORI","50,000,000"
"285","MAHARASHTRA","SHOBHA BACHHAV","DHULE","50,000,000"
"286","MAHARASHTRA","RAJA BHAU WAJE","NASHIK","50,000,000"
"287","MAHARASHTRA","KALYAN KALE","JALNA","50,000,000"
"288","MAHARASHTRA","NAGESH PATIL ASHTIKAR","HINGOLI","50,000,000"
"289","MAHARASHTRA","BAJRANG SONWANE","BEED","50,000,000"
"290","MAHARASHTRA","NILESH LANKE","AHMEDNAGAR","50,000,000"
"291","MANIPUR","ALFRED KANNGAM S ARTHUR","OUTER MANIPUR","50,000,000"
"292","MANIPUR","ANGOCHA THOUDAM","INNER MANIPUR","50,000,000"
"293","MEGHALAYA","RICKY ANDREW J SYNGKON","SHILLONG","50,000,000"
"294","MEGHALAYA","SALENG A SANGMA","TURA","50,000,000"
"295","MIZORAM","RICHARD VANLALHMANGIAIHA","MIZORAM","50,000,000"
"296","NAGALAND","S SUPONGMEREN JAMIR","NAGALAND","50,000,000"
"297","ODISHA","ANANTA NAYAK","KEONJHAR","50,000,000"
"298","ODISHA","APARAJITA SARANGI","BHUBANESWAR","50,000,000"
"299","ODISHA","BAIJOYANT PANDA","KENDRAPARA","50,000,000"
"300","ODISHA","BALABHADRA MAJHI","NABARANGPUR","50,000,000"
"301","ODISHA","BHARTRUHARI MAHTAB","CUTTACK","50,000,000"
"302","ODISHA","BIBHU PRASAD TARAI","JAGATSINGHPUR","50,000,000"
"303","ODISHA","DHARMENDRA PRADHAN","SAMBALPUR","50,000,000"
"304","ODISHA","JUAL ORAM","SUNDARGARH","50,000,000"
"305","ODISHA","MALVIKA DEVI","KALAHANDI","50,000,000"
"306","ODISHA","NABIN KUMAR NAYAK","DHENKANAL","50,000,000"
"307","ODISHA","PRADEEP PUROHIT","BARGARH","50,000,000"
"308","ODISHA","PRATAP CHANDRA SARANGI","BALASORE","50,000,000"
"309","ODISHA","RABINDRANARAYAN BEHERA","JAJPUR","50,000,000"
"310","ODISHA","RUDRA NARAYAN PANY","DHENKANAL","50,000,000"
"311","ODISHA","SAMBIT PATRA","PURI","50,000,000"
"312","ODISHA","SANGEETA KUMARI SINGH DEO","BOLANGIR","50,000,000"
"313","ODISHA","SAPTAGIRI SANKAR ULAKA","KORAPUT","50,000,000"
"314","ODISHA","SUKESH NAYAK","KANDHAMAL","50,000,000"
"315","ODISHA","ANITA SUBHADARSHINI","ASKA","50,000,000"
"316","ODISHA","PRADEEP PANIGRAHY","BERHAMPUR","50,000,000"
"317","ODISHA","AVIMANYU SETHI","BHADRAK","50,000,000"
"318","PUDUCHERRY","VE VAITHILINGAM","PUDUCHERRY","50,000,000"
"319","PUNJAB","AMAR SINGH","FATEHGARH SAHIB","50,000,000"
"320","PUNJAB","AMRITPAL SINGH","KHADOOR SAHIB","50,000,000"
"321","PUNJAB","CHARANJIT SINGH CHANNI","JALANDHAR","50,000,000"
"322","PUNJAB","DHARAMVIRA GANDHI","PATIALA","50,000,000"
"323","PUNJAB","GURJEET SINGH AUJLA","AMRITSAR","50,000,000"
"324","PUNJAB","HARSIMRAT KAUR BADAL","BATHINDA","50,000,000"
"325","PUNJAB","MALVINDER SINGH KANG","ANANDPUR SAHIB","50,000,000"
"326","PUNJAB","MEET HEYER","SANGRUR","50,000,000"
"327","PUNJAB","RAJA WARRING","LUDHIANA","50,000,000"
"328","PUNJAB","RAJKUMAR CHHABEWAL","HOSHIARPUR","50,000,000"
"329","PUNJAB","SARABJEET SINGH KHALSA","FARIDKOT","50,000,000"
"330","PUNJAB","SHER SINGH GHUBAYA","FIROZPUR","50,000,000"
"331","PUNJAB","SUKHBIR SINGH BADAL","FIROZPUR","50,000,000"
"332","RAJASTHAN","BHAGIRATH CHOUDHARY","AJMER","50,000,000"
"333","RAJASTHAN","BHAJAN LAL JATAV","KARAULI-DHOLPUR","50,000,000"
"334","RAJASTHAN","BRIJENDRA OLA","JHUNJHUNU","50,000,000"
"335","RAJASTHAN","C P JOSHI","CHITTORGARH","50,000,000"
"336","RAJASTHAN","DAMODAR GURJAR","TONK-SAWAI MADHOPUR","50,000,000"
"337","RAJASTHAN","GAJENDRA SINGH SHEKHAWAT","JODHPUR","50,000,000"
"338","RAJASTHAN","HANUMAN BENIWAL","NAGAUR","50,000,000"
"339","RAJASTHAN","HARISH MEENA","TONK-SAWAI MADHOPUR","50,000,000"
"340","RAJASTHAN","LUMBARAM CHOUDHARY","JALORE","50,000,000"
"341","RAJASTHAN","MAHIMA KUMARI MEWAR","RAJSAMAND","50,000,000"
"342","RAJASTHAN","MANJU SHARMA","JAIPUR","50,000,000"
"343","RAJASTHAN","MANNA LAL RAWAT","UDAIPUR","50,000,000"
"344","RAJASTHAN","MURLIDHAR MEENA","DAUSA","50,000,000"
"345","RAJASTHAN","OM BIRLA","KOTA","50,000,000"
"346","RAJASTHAN","P P CHAUDHARY","PALI","50,000,000"
"347","RAJASTHAN","RAHUL KASWAN","CHURU","50,000,000"
"348","RAJASTHAN","RAJKUMAR ROAT","BANSWARA","50,000,000"
"349","RAJASTHAN","SANJANA JATAV","BHARATPUR","50,000,000"
"350","RAJASTHAN","SUBHASH CHANDRA BAHERIA","BHILWARA","50,000,000"
"351","RAJASTHAN","UMMEDA RAM BENIWAL","BARMER","50,000,000"
"352","RAJASTHAN","ARJUN RAM MEGHWAL","BIKANER","50,000,000"
"353","RAJASTHAN","KULDEEP INDORA","GANGANAGAR","50,000,000"
"354","RAJASTHAN","AMRA RAM","SIKAR","50,000,000"
"355","RAJASTHAN","LALIT YADAV","ALWAR","50,000,000"
"356","RAJASTHAN","DUSHYANT SINGH","JHALAWAR-BARAN","50,000,000"
"357","SIKKIM","INDRA HANG SUBBA","SIKKIM","50,000,000"
"358","TAMIL NADU","A RAJA","NILGIRIS","50,000,000"
"359","TAMIL NADU","C ROBERT BRUCE","TIRUNELVELI","50,000,000"
"360","TAMIL NADU","DAYANIDHI MARAN","CHENNAI CENTRAL","50,000,000"
"361","TAMIL NADU","DURAIMURUGAN KATHIR ANAND","VELLORE","50,000,000"
"362","TAMIL NADU","DURAI VAIKO","TIRUCHIRAPPALLI","50,000,000"
"363","TAMIL NADU","GANAPATHI RAJKUMAR","COIMBATORE","50,000,000"
"364","TAMIL NADU","JOTHIMANI S","KARUR","50,000,000"
"365","TAMIL NADU","K SUDHAKARAN","SALEM","50,000,000"
"366","TAMIL NADU","KANIMOZHI KARUNANIDHI","THOOTHUKKUDI","50,000,000"
"367","TAMIL NADU","KARTI P CHIDAMBARAM","SIVAGANGA","50,000,000"
"368","TAMIL NADU","MANICKAM TAGORE","VIRUDHUNAGAR","50,000,000"
"369","TAMIL NADU","NATARAJAN P R","COIMBATORE","50,000,000"
"370","TAMIL NADU","NAVASKANI K","RAMANATHAPURAM","50,000,000"
"371","TAMIL NADU","P VELUSAMY","DINDIGUL","50,000,000"
"372","TAMIL NADU","R GIRIRAJAN","CHENNAI NORTH","50,000,000"
"373","TAMIL NADU","R SACHITHANANDHAM","DINDIGUL","50,000,000"
"374","TAMIL NADU","S JAGATHRAKSHAKAN","ARAKKONAM","50,000,000"
"375","TAMIL NADU","S JOTHIMANI","KARUR","50,000,000"
"376","TAMIL NADU","S SELVAGANAPATHI","SALEM","50,000,000"
"377","TAMIL NADU","S VENKATESAN","MADURAI","50,000,000"
"378","TAMIL NADU","SASIKANTH SENTHIL","TIRUVALLUR","50,000,000"
"379","TAMIL NADU","T R BAALU","SRIPERUMBUDUR","50,000,000"
"380","TAMIL NADU","TAMILACHI THANGAPANDIAN","CHENNAI SOUTH","50,000,000"
"381","TAMIL NADU","THIRUMAVALAVAN THOL","CHIDAMBARAM","50,000,000"
"382","TAMIL NADU","VIJAYAKUMAR ALIAS VIJAY VASANTH","KANNIYAKUMARI","50,000,000"
"383","TAMIL NADU","GOPINATH K","KRISHNAGIRI","50,000,000"
"384","TAMIL NADU","A MANI","DHARMAPURI","50,000,000"
"385","TAMIL NADU","K E PRAKASH","ERODE","50,000,000"
"386","TAMIL NADU","K SUBBARAYAN","TIRUPPUR","50,000,000"
"387","TAMIL NADU","C N ANNADURAI","TIRUVANNAMALAI","50,000,000"
"388","TAMIL NADU","D M KATHIR ANAND","VELLORE","50,000,000"
"389","TAMIL NADU","MALAIYARASAN D","KALLAKURICHI","50,000,000"
"390","TAMIL NADU","R DHARANIDHARAN","ARANI","50,000,000"
"391","TAMIL NADU","SU THIRUNAVUKKARASAR","TIRUCHIRAPPALLI","50,000,000"
"392","TAMIL NADU","M K VISHNUPRASAD","CUDDALORE","50,000,000"
"393","TAMIL NADU","MURASOLI S","THANJAVUR","50,000,000"
"394","TAMIL NADU","R SUDHA","MAYILADUTHURAI","50,000,000"
"395","TAMIL NADU","V SELVARAJ","NAGAPATTINAM","50,000,000"
"396","TAMIL NADU","RAVIKUMAR D","VILUPPURAM","50,000,000"
"397","TELANGANA","ASADUDDIN OWAISI","HYDERABAD","50,000,000"
"398","TELANGANA","BANDI SANJAY KUMAR","KARIMNAGAR","50,000,000"
"399","TELANGANA","CHAMALA KIRAN KUMAR REDDY","BHONGIR","50,000,000"
"400","TELANGANA","D K ARUNA","MAHBUBNAGAR","50,000,000"
"401","TELANGANA","DHANASARI ANASUYA SEETHAKKA","MAHABUBABAD","50,000,000"
"402","TELANGANA","ETELA RAJENDER","MALKAJGIRI","50,000,000"
"403","TELANGANA","G KISHAN REDDY","SECUNDERABAD","50,000,000"
"404","TELANGANA","KADIYAM KAVYA","WARANGAL","50,000,000"
"405","TELANGANA","KONDA VISHWESHWAR REDDY","CHEVALLA","50,000,000"
"406","TELANGANA","KUNDURU RAGHUVEER","NALGONDA","50,000,000"
"407","TELANGANA","M MALLIKARJUN GOUD","MEDAK","50,000,000"
"408","TELANGANA","PORIKA BALRAM NAIK","MAHABUBABAD","50,000,000"
"409","TELANGANA","RAGHURAM REDDY","KHAMMAM","50,000,000"
"410","TELANGANA","RAMASAHAYAM RAGHURAM REDDY","KHAMMAM","50,000,000"
"411","TELANGANA","G NAGESH","ADILABAD","50,000,000"
"412","TELANGANA","G VAMSHI KRISHNA","PEDDAPALLE","50,000,000"
"413","TELANGANA","ARVIND DHARMAPURI","NIZAMABAD","50,000,000"
"414","TRIPURA","BIROB ROY DEBBARMA","TRIPURA EAST","50,000,000"
"415","TRIPURA","BIPLAB KUMAR DEB","TRIPURA WEST","50,000,000"
"416","UTTAR PRADESH","AFZAL ANSARI","GHAZIPUR","50,000,000"
"417","UTTAR PRADESH","AJAY RAI","VARANASI","50,000,000"
"418","UTTAR PRADESH","AKHILESH YADAV","KANNAUJ","50,000,000"
"419","UTTAR PRADESH","ANAND BHADAURIYA","DHAURAHRA","50,000,000"
"420","UTTAR PRADESH","ANUPRIYA PATEL","MIRZAPUR","50,000,000"
"421","UTTAR PRADESH","ANURAG PANDEY","AMBEDKAR NAGAR","50,000,000"
"422","UTTAR PRADESH","ARUN GOVIL","MEERUT","50,000,000"
"423","UTTAR PRADESH","AWADHESH PRASAD","FAIZABAD","50,000,000"
"424","UTTAR PRADESH","BABU SINGH KUSHWAHA","JAUNPUR","50,000,000"
"425","UTTAR PRADESH","CHANDRASHEKHAR AZAD","NAGINA","50,000,000"
"426","UTTAR PRADESH","CHHOTELAL KHARWAR","ROBERTSGANJ","50,000,000"
"427","UTTAR PRADESH","DEVENDRA SINGH BHOLE","AKBARPUR","50,000,000"
"428","UTTAR PRADESH","DHARMENDRA YADAV","AZAMGARH","50,000,000"
"429","UTTAR PRADESH","DIMPLE YADAV","MAINPURI","50,000,000"
"430","UTTAR PRADESH","DINESH PRATAP SINGH","RAE BARELI","50,000,000"
"431","UTTAR PRADESH","HEMA MALINI","MATHURA","50,000,000"
"432","UTTAR PRADESH","IMRAN MASOOD","SAHARANPUR","50,000,000"
"433","UTTAR PRADESH","IQRA HASAN","KAIRANA","50,000,000"
"434","UTTAR PRADESH","JAGDAMBIKA PAL","DOMARIYAGANJ","50,000,000"
"435","UTTAR PRADESH","JAIVEER SINGH","MAINPURI","50,000,000"
"436","UTTAR PRADESH","JITIN PRASADA","PILIBHIT","50,000,000"
"437","UTTAR PRADESH","KAMLESH PASWAN","BANSRGAON","50,000,000"
"438","UTTAR PRADESH","KANWAR SINGH TANWAR","AMROHA","50,000,000"
"439","UTTAR PRADESH","KIRANVEER SINGH","ETAWAH","50,000,000"
"440","UTTAR PRADESH","KISHORI LAL SHARMA","AMETHI","50,000,000"
"441","UTTAR PRADESH","LALJI VERMA","AMBEDKAR NAGAR","50,000,000"
"442","UTTAR PRADESH","MAHESH SHARMA","GAUTAM BUDDHA NAGAR","50,000,000"
"443","UTTAR PRADESH","MANEKA GANDHI","SULTANPUR","50,000,000"
"444","UTTAR PRADESH","MANOJ KUMAR TIWARI","NORTH EAST DELHI","50,000,000"
"445","UTTAR PRADESH","MOHAMMAD AZAM KHAN","RAMPUR","50,000,000"
"446","UTTAR PRADESH","MOHIBULLAH NADVI","RAMPUR","50,000,000"
"447","UTTAR PRADESH","MUKESH RAJPOOT","FARURUKHABAD","50,000,000"
"448","UTTAR PRADESH","NARENDRA MODI","VARANASI","50,000,000"
"449","UTTAR PRADESH","NEERAJ SHEKHAR","BALLIA","50,000,000"
"450","UTTAR PRADESH","PRAVEEN PATEL","PHULPUR","50,000,000"
"451","UTTAR PRADESH","PUSHPENDRA SAROJ","KAUSHAMBI","50,000,000"
"452","UTTAR PRADESH","RADHEY SHYAM BHARGAVA","MISRIKH","50,000,000"
"453","UTTAR PRADESH","RAHUL GANDHI","RAE BARELI","50,000,000"
"454","UTTAR PRADESH","RAJ BABBAR","FATEHPUR SIKRI","50,000,000"
"455","UTTAR PRADESH","RAJNATH SINGH","LUCKNOW","50,000,000"
"456","UTTAR PRADESH","RAJVEER SINGH","ETAH","50,000,000"
"457","UTTAR PRADESH","RAM BHAWAN NISHAD","SULTANPUR","50,000,000"
"458","UTTAR PRADESH","RAM SHANKAR KATHERIA","ETAWAH","50,000,000"
"459","UTTAR PRADESH","RAM PRASAD CHAUDHARY","BASTI","50,000,000"
"460","UTTAR PRADESH","RAMESH CHAND BIND","BHADOHI","50,000,000"
"461","UTTAR PRADESH","RAVI KISHAN","GORAKHPUR","50,000,000"
"462","UTTAR PRADESH","RUCHI VIRA","MORADABAD","50,000,000"
"463","UTTAR PRADESH","SACHINDRA PRATAP SINGH","FATEHPUR","50,000,000"
"464","UTTAR PRADESH","SANJEEV BALYAN","MUZAFFARNAGAR","50,000,000"
"465","UTTAR PRADESH","SATISH KUMAR GAUTAM","ALIGARH","50,000,000"
"466","UTTAR PRADESH","SHIVPAL SINGH YADAV","JASWANTNAGAR","50,000,000"
"467","UTTAR PRADESH","SMITA SINGH","ALLAHABAD","50,000,000"
"468","UTTAR PRADESH","SONELAL PATEL","MIRZAPUR","50,000,000"
"469","UTTAR PRADESH","SUBHASH PATEL","BANDA","50,000,000"
"470","UTTAR PRADESH","TANUJ PUNIA","BARABANKI","50,000,000"
"471","UTTAR PRADESH","UTKARSH VERMA","KHERI","50,000,000"
"472","UTTAR PRADESH","VINOD KUMAR BIND","BHADOHI","50,000,000"
"473","UTTAR PRADESH","VIRENDRA SINGH","CHANDAULI","50,000,000"
"474","UTTAR PRADESH","VISHAL VERMA","HARDOI","50,000,000"
"475","UTTAR PRADESH","ZIA UR REHMAN BARQ","SAMBHAL","50,000,000"
"476","UTTAR PRADESH","HARENDRA SINGH MALIK","MUZAFFARNAGAR","50,000,000"
"477","UTTAR PRADESH","ATUL PRADHAN","MEERUT","50,000,000"
"478","UTTAR PRADESH","CHANDAN CHAUHAN","BIJNOR","50,000,000"
"479","UTTAR PRADESH","RAJESH VERMA","SITAPUR","50,000,000"
"480","UTTAR PRADESH","JAI PRAKASH RAWAT","HARDOI","50,000,000"
"481","UTTAR PRADESH","ASHOK KUMAR RAWAT","MISRIKH","50,000,000"
"482","UTTAR PRADESH","SAKSHI MAHARAJ","UNNAO","50,000,000"
"483","UTTAR PRADESH","S P SINGH BAGHEL","AGRA","50,000,000"
"484","UTTAR PRADESH","ANURAG SHARMA","JHANSI","50,000,000"
"485","UTTAR PRADESH","KRISHNA PATEL","BANDA","50,000,000"
"486","UTTAR PRADESH","KIRAN PAL SINGH","BULANDSHAHR","50,000,000"
"487","UTTAR PRADESH","BHOLA SINGH","BULANDSHAHR","50,000,000"
"488","UTTAR PRADESH","RAMESH AWASTHI","KANPUR","50,000,000"
"489","UTTAR PRADESH","NARESH UTTAM PATEL","FATEHPUR","50,000,000"
"490","UTTAR PRADESH","UJJWAL RAMAN SINGH","ALLAHABAD","50,000,000"
"491","UTTAR PRADESH","KESHAV PRASAD MAURYA","PHULPUR","50,000,000"
"492","UTTAR PRADESH","R K SINGH PATEL","BANDA","50,000,000"
"493","UTTAR PRADESH","SHRAWAN KUMAR NISHAD","SANT KABIR NAGAR","50,000,000"
"494","UTTAR PRADESH","LAXMIKANT BAJPAI","MEERUT","50,000,000"
"495","UTTAR PRADESH","VIJAY KUMAR DUBEY","KUSHI NAGAR","50,000,000"
"496","UTTAR PRADESH","SHASHANK MANI TRIPATHI","DEORIA","50,000,000"
"497","UTTAR PRADESH","SANATAN PANDEY","BALLIA","50,000,000"
"498","UTTAR PRADESH","SADAL PRASAD","BANSGAON","50,000,000"
"499","UTTAR PRADESH","DINESH LAL YADAV NIRAHUA","AZAMGARH","50,000,000"
"500","UTTAR PRADESH","DAROGA PRASAD SAROJ","LALGANJ","50,000,000"
"501","UTTAR PRADESH","PRIYA SAROJ","MACHHLISHAHR","50,000,000"
"502","UTTAR PRADESH","BRIJ BHUSHAN SHARAN SINGH","KAISERGANJ","50,000,000"
"503","UTTAR PRADESH","KARAN BHUSHAN SINGH","KAISERGANJ","50,000,000"
"504","UTTAR PRADESH","ANAND SEN YADAV","FAIZABAD","50,000,000"
"505","UTTAR PRADESH","PRASHANT KISHORE","GONDA","50,000,000"
"506","UTTAR PRADESH","KIRTI VARDHAN SINGH","GONDA","50,000,000"
"507","UTTAR PRADESH","RAM SHIROMANI VERMA","SHRAWASTI","50,000,000"
"508","UTTAR PRADESH","ANAND MOHAN","BAHRAICH","50,000,000"
"509","UTTARAKHAND","AJAY BHATT","NAINITAL-UDHAMSINGH NAGAR","50,000,000"
"510","UTTARAKHAND","AJAY TAMTA","ALMORA","50,000,000"
"511","UTTARAKHAND","ANIL BALUNI","GARHWAL","50,000,000"
"512","UTTARAKHAND","MALARAJYA LAXMI SHAH","TEHRI GARHWAL","50,000,000"
"513","UTTARAKHAND","TRIVENDRA SINGH RAWAT","HARIDWAR","50,000,000"
"514","WEST BENGAL","ABHISHEK BANERJEE","DIAMOND HARBOUR","50,000,000"
"515","WEST BENGAL","ADHIR RANJAN CHOWDHURY","BAHARAMPUR","50,000,000"
"516","WEST BENGAL","ANUPAM HAZRA","BOLPUR","50,000,000"
"517","WEST BENGAL","ARUN BHARATI","JAMUI","50,000,000"
"518","WEST BENGAL","ASIT KUMAR MAL","BOLPUR","50,000,000"
"519","WEST BENGAL","DEEPAK ADHIKARI (DEV)","GHATAL","50,000,000"
"520","WEST BENGAL","DILIP GHOSH","BARDHAMAN-DURGAPUR","50,000,000"
"521","WEST BENGAL","JAGANNATH SARKAR","RANAGHAT","50,000,000"
"522","WEST BENGAL","JYOTIRMAY SINGH MAHATO","PURULIA","50,000,000"
"523","WEST BENGAL","KALYAN BANERJEE","SREERAMPUR","50,000,000"
"524","WEST BENGAL","KHALILUR RAHMAN","JANGIPUR","50,000,000"
"525","WEST BENGAL","KHAGEN MURMU","MALDAHA UTTAR","50,000,000"
"526","WEST BENGAL","MAHUA MOITRA","KRISHNANAGAR","50,000,000"
"527","WEST BENGAL","MALATY RAJBHAR","BALURGHAT","50,000,000"
"528","WEST BENGAL","NISITH PRAMANIK","COOCH BEHAR","50,000,000"
"529","WEST BENGAL","PRATIMA BHOUMIK","TRIPURA WEST","50,000,000"
"530","WEST BENGAL","PRASUN BANERJEE","HOWRAH","50,000,000"
"531","WEST BENGAL","RAJU BISTA","DARJEELING","50,000,000"
"532","WEST BENGAL","SACHIN PILOT","TONK-SAWAI MADHOPUR","50,000,000"
"533","WEST BENGAL","SATABDI ROY","BIRBHUM","50,000,000"
"534","WEST BENGAL","SAUMITRA KHAN","BISHNUPUR","50,000,000"
"535","WEST BENGAL","SAYANI GHOSH","JADAVPUR","50,000,000"
"536","WEST BENGAL","SHANTANU THAKUR","BANGAON","50,000,000"
"537","WEST BENGAL","SHATRU GHAN PRASAD SINHA","ASANSOL","50,000,000"
"538","WEST BENGAL","SUKANTA MAJUMDAR","BALURGHAT","50,000,000"
"539","WEST BENGAL","SUDIP BANDYOPADHYAY","KOLKATA UTTAR","50,000,000"
"540","WEST BENGAL","SUGATA BOSE","JADAVPUR","50,000,000"
"541","WEST BENGAL","YUSUF PATHAN","BAHARAMPUR","50,000,000"
"542","WEST BENGAL","PARTHA BHOWMICK","BARRACKPORE","50,000,000"
"543","WEST BENGAL","KIRTIAZAD","BARDHAMAN-DURGAPUR","50,000,000"
"544","Grand Total","--","--","27,150,000,000"
