mp_id,constituency_id,state_id,name,normalized_name,allocated_amount,allocation_quality_flag,source_row
MP001,C001,ST01,BISHNU PADA RAY,Bishnu Pada Ray,50000000,VALID,2
MP002,C002,ST02,APPALANAIDU KALISETTI,Appalanaidu Kalisetti,50000000,VALID,3
MP003,C003,ST02,BALASHOWRY VALLABHANENI,Balashowry Vallabhaneni,50000000,VALID,4
MP004,C004,ST02,BYREDDY SHABARI,Byreddy Shabari,50000000,VALID,5
MP005,C005,ST02,CHANDRA SEKHAR PEMMASANI,Chandra Sekhar Pemmasani,50000000,VALID,6
MP006,C006,ST02,CHINTHA ANURADHA,Chintha Anuradha,50000000,VALID,7
MP007,C007,ST02,DAGUMALLA PRASADA RAO,Dagumalla Prasada Rao,50000000,VALID,8
MP008,C008,ST02,G M HARISH BALAYOGI,G M Harish Balayogi,50000000,VALID,9
MP009,C009,ST02,GUMMANUR JAYARAM,Gummanur Jayaram,50000000,VALID,10
MP010,C010,ST02,KESINENI SIVANATH,Kesineni Sivanath,50000000,VALID,11
MP011,C011,ST02,KINJARAPU RAM MOHAN NAIDU,Kinjarapu Ram Mohan Naidu,50000000,VALID,12
MP012,C012,ST02,KOTHAPALLI GEETHA,Kothapalli Geetha,50000000,VALID,13
MP013,C013,ST02,LAVU SRI KRISHNA DEVARAYALU,Lavu Sri Krishna Devarayalu,50000000,VALID,14
MP014,C014,ST02,M GURUMOORTHY,M Gurumoorthy,50000000,VALID,15
MP015,C015,ST02,MAGUNTA SREENIVASULU REDDY,Magunta Sreenivasulu Reddy,50000000,VALID,16
MP016,C016,ST02,MATHUKUMILLI BHARAT,Mathukumilli Bharat,50000000,VALID,17
MP017,C017,ST02,MIDHUN REDDY P V,Midhun Reddy P V,50000000,VALID,18
MP018,C018,ST02,PURANDESWARI DAGGUBATI,Purandeswari Daggubati,50000000,VALID,19
MP019,C019,ST02,PUTTA MAHESH KUMAR,Putta Mahesh Kumar,50000000,VALID,20
MP020,C020,ST02,RAGHU RAMA KRISHNA RAJU,Raghu Rama Krishna Raju,50000000,VALID,21
MP021,C021,ST02,TANGIRALA SOWMYA,Tangirala Sowmya,50000000,VALID,22
MP022,C022,ST02,VEMIREDDY PRABHAKAR REDDY,Vemireddy Prabhakar Reddy,50000000,VALID,23
MP023,C023,ST02,Y S AVINASH REDDY,Y S Avinash Reddy,50000000,VALID,24
MP024,C024,ST02,B K PARTHASARATHI,B K Parthasarathi,50000000,VALID,25
MP025,C025,ST02,AMBICA G LAKSHMINARAYANA,Ambica G Lakshminarayana,50000000,VALID,26
MP026,C026,ST03,KIREN RIJIJU,Kiren Rijiju,50000000,VALID,27
MP027,C027,ST03,TAPIR GAO,Tapir Gao,50000000,VALID,28
MP028,C028,ST04,BIJOY KRISHNA HANDIQUE,Bijoy Krishna Handique,50000000,VALID,29
MP029,C029,ST04,DILIP SAIKIA,Dilip Saikia,50000000,VALID,30
MP030,C030,ST04,GAURAV GOGOI,Gaurav Gogoi,50000000,VALID,31
MP031,C031,ST04,KRIPA NATH MALLAH,Kripa Nath Mallah,50000000,VALID,32
MP032,C032,ST04,MUKESH SAHARIA,Mukesh Saharia,50000000,VALID,33
MP033,C033,ST04,PARIMAL SUKLABAIDYA,Parimal Suklabaidya,50000000,VALID,34
MP034,C034,ST04,PRADYUT BORDOLOI,Pradyut Bordoloi,50000000,VALID,35
MP035,C035,ST04,RAKIBUL HUSSAIN,Rakibul Hussain,50000000,VALID,36
MP036,C036,ST04,RANJIT DUTTA,Ranjit Dutta,50000000,VALID,37
MP037,C037,ST04,SARBANANDA SONOWAL,Sarbananda Sonowal,50000000,VALID,38
MP038,C038,ST04,AMARSING TISSO,Amarsing Tisso,50000000,VALID,39
MP039,C039,ST04,BIJULI KALITA MEDHI,Bijuli Kalita Medhi,50000000,VALID,40
MP040,C040,ST04,JAYANTA BASUMATARY,Jayanta Basumatary,50000000,VALID,41
MP041,C041,ST04,PHANI BHUSAN CHOUDHURY,Phani Bhusan Choudhury,50000000,VALID,42
MP042,C042,ST05,ABHAY KUMAR SINHA,Abhay Kumar Sinha,50000000,VALID,43
MP043,C043,ST05,ALOK KUMAR SUMAN,Alok Kumar Suman,50000000,VALID,44
MP044,C044,ST05,ASHOK KUMAR YADAV,Ashok Kumar Yadav,50000000,VALID,45
MP045,C045,ST05,CHIRAG PASWAN,Chirag Paswan,50000000,VALID,46
MP046,C046,ST05,DEVESH CHANDRA THAKUR,Devesh Chandra Thakur,50000000,VALID,47
MP047,C047,ST05,DILESHWAR KAMAIT,Dileshwar Kamait,50000000,VALID,48
MP048,C048,ST05,DINESH CHANDRA YADAV,Dinesh Chandra Yadav,50000000,VALID,49
MP049,C049,ST05,GIRIRAJ SINGH,Giriraj Singh,50000000,VALID,50
MP050,C050,ST05,GOPAL JEE THAKUR,Gopal Jee Thakur,50000000,VALID,51
MP051,C051,ST05,JITAN RAM MANJHI,Jitan Ram Manjhi,50000000,VALID,52
MP052,C052,ST05,LALAN SINGH,Lalan Singh,50000000,VALID,53
MP053,C053,ST05,LOVELY ANAND,Lovely Anand,50000000,VALID,54
MP054,C054,ST05,MISA BHARTI,Misa Bharti,50000000,VALID,55
MP055,C055,ST05,MOHAMMAD JAWED,Mohammad Jawed,50000000,VALID,56
MP056,C056,ST05,MUKESH SAHANI,Mukesh Sahani,50000000,VALID,57
MP057,C057,ST05,NITYANAND RAI,Nityanand Rai,50000000,VALID,58
MP058,C058,ST05,PAPPU YADAV,Pappu Yadav,50000000,VALID,59
MP059,C059,ST05,PRADEEP KUMAR SINGH,Pradeep Kumar Singh,50000000,VALID,60
MP060,C060,ST05,RADHA MOHAN SINGH,Radha Mohan Singh,50000000,VALID,61
MP061,C061,ST05,RAJ BHUSHAN CHOUDHARY,Raj Bhushan Choudhary,50000000,VALID,62
MP062,C062,ST05,RAJIV PRATAP RUDY,Rajiv Pratap Rudy,50000000,VALID,63
MP063,C063,ST05,RAM KRIPAL YADAV,Ram Kripal Yadav,50000000,VALID,64
MP064,C064,ST05,RAMPRIT MANDAL,Ramprit Mandal,50000000,VALID,65
MP065,C065,ST05,RAVI SHANKAR PRASAD,Ravi Shankar Prasad,50000000,VALID,66
MP066,C066,ST05,SAMBHAVI CHOUDHARY,Sambhavi Choudhary,50000000,VALID,67
MP067,C067,ST05,SANJAY JAISWAL,Sanjay Jaiswal,50000000,VALID,68
MP068,C068,ST05,SANTOSH KUMAR,Santosh Kumar,50000000,VALID,69
MP069,C069,ST05,SHAMBHAVI CHOUDHARY,Shambhavi Choudhary,50000000,VALID,70
MP070,C070,ST05,SUDAMA PRASAD,Sudama Prasad,50000000,VALID,71
MP071,C071,ST05,SUDHAKAR SINGH,Sudhakar Singh,50000000,VALID,72
MP072,C072,ST05,SURENDRA PRASAD YADAV,Surendra Prasad Yadav,50000000,VALID,73
MP073,C073,ST05,TARIQ ANWAR,Tariq Anwar,50000000,VALID,74
MP074,C074,ST05,VIVEK THAKUR,Vivek Thakur,50000000,VALID,75
MP075,C075,ST05,DULAL CHANDRA GOSWAMI,Dulal Chandra Goswami,50000000,VALID,76
MP076,C076,ST05,SUNIL KUMAR,Sunil Kumar,50000000,VALID,77
MP077,C077,ST05,AJAY KUMAR MANDAL,Ajay Kumar Mandal,50000000,VALID,78
MP078,C078,ST05,GIRIDHARI YADAV,Giridhari Yadav,50000000,VALID,79
MP079,C079,ST05,JANARDAN SINGH SIGRIWAL,Janardan Singh Sigriwal,50000000,VALID,80
MP080,C080,ST05,KAVITA SINGH,Kavita Singh,50000000,VALID,81
MP081,C081,ST05,VEENA DEVI,Veena Devi,50000000,VALID,82
MP082,C082,ST06,MANISH TEWARI,Manish Tewari,50000000,VALID,83
MP083,C083,ST07,BRIJMOHAN AGRAWAL,Brijmohan Agrawal,50000000,VALID,84
MP084,C084,ST07,CHHINTAMANI MAHARAJ,Chhintamani Maharaj,50000000,VALID,85
MP085,C085,ST07,DEVENDRA YADAV,Devendra Yadav,50000000,VALID,86
MP086,C086,ST07,JYOTSNA CHARANDAS MAHANT,Jyotsna Charandas Mahant,50000000,VALID,87
MP087,C087,ST07,KAMLESH JANGDE,Kamlesh Jangde,50000000,VALID,88
MP088,C088,ST07,MAHESH KASHYAP,Mahesh Kashyap,50000000,VALID,89
MP089,C089,ST07,RADHESHYAM RATHIYA,Radheshyam Rathiya,50000000,VALID,90
MP090,C090,ST07,ROOP KUMARI CHOUDHARY,Roop Kumari Choudhary,50000000,VALID,91
MP091,C091,ST07,SANTOSH PANDEY,Santosh Pandey,50000000,VALID,92
MP092,C092,ST07,TOKHAN SAHU,Tokhan Sahu,50000000,VALID,93
MP093,C093,ST07,VIJAY BAGHEL,Vijay Baghel,50000000,VALID,94
MP094,C094,ST08,DELKAR KALABEN MOHANBHAI,Delkar Kalaben Mohanbhai,50000000,VALID,95
MP095,C095,ST08,PATEL UMESHBHOI BABUBHAI,Patel Umeshbhoi Babubhai,50000000,VALID,96
MP096,C096,ST09,BANSURI SWARAJ,Bansuri Swaraj,50000000,VALID,97
MP097,C097,ST09,HARSH MALHOTRA,Harsh Malhotra,50000000,VALID,98
MP098,C098,ST09,KAMALJEET SEHRAWAT,Kamaljeet Sehrawat,50000000,VALID,99
MP099,C099,ST09,MANOJ TIWARI,Manoj Tiwari,50000000,VALID,100
MP100,C100,ST09,PRAVEEN KHANDELWAL,Praveen Khandelwal,50000000,VALID,101
MP101,C101,ST09,RAMVIR SINGH BIDHURI,Ramvir Singh Bidhuri,50000000,VALID,102
MP102,C102,ST09,YOGENDER CHANDOLIYA,Yogender Chandoliya,50000000,VALID,103
MP103,C103,ST10,SHRIPAD YESSO NAIK,Shripad Yesso Naik,50000000,VALID,104
MP104,C104,ST10,VIRIDIANA FERNANDES,Viridiana Fernandes,50000000,VALID,105
MP105,C105,ST11,AMIT SHAH,Amit Shah,50000000,VALID,106
MP106,C106,ST11,BHARATSINHJI DABHI,Bharatsinhji Dabhi,50000000,VALID,107
MP107,C107,ST11,CHANDUBHAI CHHAGANBHAI SHIHORA,Chandubhai Chhaganbhai Shihora,50000000,VALID,108
MP108,C108,ST11,C R PATIL,C R Patil,50000000,VALID,109
MP109,C109,ST11,DEVUSINH CHAUHAN,Devusinh Chauhan,50000000,VALID,110
MP110,C110,ST11,DINESHBHAI MAKWANA,Dineshbhai Makwana,50000000,VALID,111
MP111,C111,ST11,GENIBEN THAKOR,Geniben Thakor,50000000,VALID,112
MP112,C112,ST11,HASMUKHBHAI PATEL,Hasmukhbhai Patel,50000000,VALID,113
MP113,C113,ST11,HEMANG JOSHI,Hemang Joshi,50000000,VALID,114
MP114,C114,ST11,JASHVANTSINH SUMANBHAI BHABHOR,Jashvantsinh Sumanbhai Bhabhor,50000000,VALID,115
MP115,C115,ST11,MANSUKH MANDAVIYA,Mansukh Mandaviya,50000000,VALID,116
MP116,C116,ST11,MUKESHKUMAR CHANDRAKANT DALAL,Mukeshkumar Chandrakant Dalal,50000000,VALID,117
MP117,C117,ST11,NIMUBEN BAMBHANIYA,Nimuben Bambhaniya,50000000,VALID,118
MP118,C118,ST11,PARSHOTTAM RUPALA,Parshottam Rupala,50000000,VALID,119
MP119,C119,ST11,PRABHUBHAI NAGARBHAI VASAVA,Prabhubhai Nagarbhai Vasava,50000000,VALID,120
MP120,C120,ST11,PUNAMBEN MAADAM,Punamben Maadam,50000000,VALID,121
MP121,C121,ST11,RAJESHBHAI CHUDASAMA,Rajeshbhai Chudasama,50000000,VALID,122
MP122,C122,ST11,RAMESHBHAI DHADUK,Rameshbhai Dhaduk,50000000,VALID,123
MP123,C123,ST11,SHOBHANABEN BARAIYA,Shobhanaben Baraiya,50000000,VALID,124
MP124,C124,ST11,VINOD LAKHAMSHI CHAVDA,Vinod Lakhamshi Chavda,50000000,VALID,125
MP125,C125,ST11,MITESH PATEL,Mitesh Patel,50000000,VALID,126
MP126,C126,ST11,DHAVAL PATEL,Dhaval Patel,50000000,VALID,127
MP127,C127,ST11,MANSUKHBHAI VASAVA,Mansukhbhai Vasava,50000000,VALID,128
MP128,C128,ST11,JASWANTSINH PARMAR,Jaswantsinh Parmar,50000000,VALID,129
MP129,C129,ST11,HARIBHAI PATEL,Haribhai Patel,50000000,VALID,130
MP130,C130,ST11,BHARATBHAI SUTARIYA,Bharatbhai Sutariya,50000000,VALID,131
MP131,C131,ST12,DEEPENDER SINGH HOODA,Deepender Singh Hooda,50000000,VALID,132
MP132,C132,ST12,DHARAMBIR SINGH,Dharambir Singh,50000000,VALID,133
MP133,C133,ST12,JAI PARKASH,Jai Parkash,50000000,VALID,134
MP134,C134,ST12,KRISHAN PAL GURJAR,Krishan Pal Gurjar,50000000,VALID,135
MP135,C135,ST12,KUMARI SELJA,Kumari Selja,50000000,VALID,136
MP136,C136,ST12,MANOHAR LAL KHATTAR,Manohar Lal Khattar,50000000,VALID,137
MP137,C137,ST12,NAVEEN JINDAL,Naveen Jindal,50000000,VALID,138
MP138,C138,ST12,RAO INDERJIT SINGH,Rao Inderjit Singh,50000000,VALID,139
MP139,C139,ST12,SATPAL BRAHMACHARI,Satpal Brahmachari,50000000,VALID,140
MP140,C140,ST12,VARUN CHAUDHRY,Varun Chaudhry,50000000,VALID,141
MP141,C141,ST13,ANURAG SINGH THAKUR,Anurag Singh Thakur,50000000,VALID,142
MP142,C142,ST13,KANGANA RANAUT,Kangana Ranaut,50000000,VALID,143
MP143,C143,ST13,RAJEEV BHARDWAJ,Rajeev Bhardwaj,50000000,VALID,144
MP144,C144,ST13,SURESH KUMAR KASHYAP,Suresh Kumar Kashyap,50000000,VALID,145
MP145,C145,ST14,AGA SYED RUHULLAH MEHDI,Aga Syed Ruhullah Mehdi,50000000,VALID,146
MP146,C146,ST14,ENGINEER RASHID,Engineer Rashid,50000000,VALID,147
MP147,C147,ST14,JITENDRA SINGH,Jitendra Singh,50000000,VALID,148
MP148,C148,ST14,JUGAL KISHORE SHARMA,Jugal Kishore Sharma,50000000,VALID,149
MP149,C149,ST14,MIAN ALTAF AHMAD,Mian Altaf Ahmad,50000000,VALID,150
MP150,C150,ST15,ANNAPURNA DEVI,Annapurna Devi,50000000,VALID,151
MP151,C151,ST15,BIDYUT BARAN MAHATO,Bidyut Baran Mahato,50000000,VALID,152
MP152,C152,ST15,DHULU MAHTO,Dhulu Mahto,50000000,VALID,153
MP153,C153,ST15,JOBHA MANJHI,Jobha Manjhi,50000000,VALID,154
MP154,C154,ST15,KALICHARAN SINGH,Kalicharan Singh,50000000,VALID,155
MP155,C155,ST15,MANISH JAISWAL,Manish Jaiswal,50000000,VALID,156
MP156,C156,ST15,NALIN SOREN,Nalin Soren,50000000,VALID,157
MP157,C157,ST15,NISHIKANT DUBEY,Nishikant Dubey,50000000,VALID,158
MP158,C158,ST15,SANJAY SETH,Sanjay Seth,50000000,VALID,159
MP159,C159,ST15,SUKHDEO BHAGAT,Sukhdeo Bhagat,50000000,VALID,160
MP160,C160,ST15,VIJAY KUMAR HANSDAK,Vijay Kumar Hansdak,50000000,VALID,161
MP161,C161,ST15,VISHNU DAYAL RAM,Vishnu Dayal Ram,50000000,VALID,162
MP162,C162,ST15,CHANDRAPRAKASH CHOUDHARY,Chandraprakash Choudhary,50000000,VALID,163
MP163,C163,ST15,KALI CHARAN MUNDA,Kali Charan Munda,50000000,VALID,164
MP164,C164,ST16,BASAVARAJ BOMMAI,Basavaraj Bommai,50000000,VALID,165
MP165,C165,ST16,B Y RAGHAVENDRA,B Y Raghavendra,50000000,VALID,166
MP166,C166,ST16,C N MANJUNATH,C N Manjunath,50000000,VALID,167
MP167,C167,ST16,E T MOHAMMED BASHEER,E T Mohammed Basheer,50000000,VALID,168
MP168,C168,ST16,GOVIND KARJOL,Govind Karjol,50000000,VALID,169
MP169,C169,ST16,H D KUMARASWAMY,H D Kumaraswamy,50000000,VALID,170
MP170,C170,ST16,JAGADISH SHETTAR,Jagadish Shettar,50000000,VALID,171
MP171,C171,ST16,K SUDHAKAR,K Sudhakar,50000000,VALID,172
MP172,C172,ST16,M MALLIKARJUN KHARGE,M Mallikarjun Kharge,50000000,VALID,173
MP173,C173,ST16,MALIKARJUN KHARGE,Malikarjun Kharge,50000000,VALID,174
MP174,C174,ST16,PRAHLAD JOSHI,Prahlad Joshi,50000000,VALID,175
MP175,C175,ST16,RADHAKRISHNA DODDAMANI,Radhakrishna Doddamani,50000000,VALID,176
MP176,C176,ST16,S MUNISWAMY,S Muniswamy,50000000,VALID,177
MP177,C177,ST16,SHOBHA KARANDLAJE,Shobha Karandlaje,50000000,VALID,178
MP178,C178,ST16,TEJASVI SURYA,Tejasvi Surya,50000000,VALID,179
MP179,C179,ST16,V SOMANNA,V Somanna,50000000,VALID,180
MP180,C180,ST16,VISHWESHWAR HEGDE KAGERI,Vishweshwar Hegde Kageri,50000000,VALID,181
MP181,C181,ST16,YADUVEER KRISHNADATTA CHAMARAJA WADIYAR,Yaduveer Krishnadatta Chamaraja Wadiyar,50000000,VALID,182
MP182,C182,ST16,G M SIDDESHWAR,G M Siddeshwar,50000000,VALID,183
MP183,C183,ST16,PRABHAKAR KORE,Prabhakar Kore,50000000,VALID,184
MP184,C184,ST16,P C MOHAN,P C Mohan,50000000,VALID,185
MP185,C185,ST16,RAMESH JIGAJINAGI,Ramesh Jigajinagi,50000000,VALID,186
MP186,C186,ST16,KUMAR BANGARAPPA,Kumar Bangarappa,50000000,VALID,187
MP187,C187,ST16,KOTA SRINIVAS POOJARY,Kota Srinivas Poojary,50000000,VALID,188
MP188,C188,ST16,BRIJESH CHOWTA,Brijesh Chowta,50000000,VALID,189
MP189,C189,ST16,SHREYAS M PATEL,Shreyas M Patel,50000000,VALID,190
MP190,C190,ST16,G KUMAR NAIK,G Kumar Naik,50000000,VALID,191
MP191,C191,ST16,TUKARAM E,Tukaram E,50000000,VALID,192
MP192,C192,ST17,A M ARIFF,A M Ariff,50000000,VALID,193
MP193,C193,ST17,ANTO ANTONY,Anto Antony,50000000,VALID,194
MP194,C194,ST17,DEAN KURIAKOSE,Dean Kuriakose,50000000,VALID,195
MP195,C195,ST17,E T MOHAMMED BASHEER,E T Mohammed Basheer,50000000,VALID,196
MP196,C196,ST17,HIBI EDEN,Hibi Eden,50000000,VALID,197
MP197,C197,ST17,K C VENUGOPAL,K C Venugopal,50000000,VALID,198
MP198,C198,ST17,K FRANCIS GEORGE,K Francis George,50000000,VALID,199
MP199,C199,ST17,K MURALEEDHARAN,K Muraleedharan,50000000,VALID,200
MP200,C200,ST17,K RADHAKRISHNAN,K Radhakrishnan,50000000,VALID,201
MP201,C201,ST17,K SUDHAKARAN,K Sudhakaran,50000000,VALID,202
MP202,C202,ST17,M K RAGHAVAN,M K Raghavan,50000000,VALID,203
MP203,C203,ST17,N K PREMACHANDRAN,N K Premachandran,50000000,VALID,204
MP204,C204,ST17,RAJMOHAN UNNITHAN,Rajmohan Unnithan,50000000,VALID,205
MP205,C205,ST17,SHAFI PARAMBIL,Shafi Parambil,50000000,VALID,206
MP206,C206,ST17,SHASHI THAROOR,Shashi Tharoor,50000000,VALID,207
MP207,C207,ST17,SURESH GOPI,Suresh Gopi,50000000,VALID,208
MP208,C208,ST17,V K SREEKANDAN,V K Sreekandan,50000000,VALID,209
MP209,C209,ST17,KODIKUNNIL SURESH,Kodikunnil Suresh,50000000,VALID,210
MP210,C210,ST17,M P ABDUSSAMAD SAMADANI,M P Abdussamad Samadani,50000000,VALID,211
MP211,C211,ST17,PRIYANKA GANDHI VADRA,Priyanka Gandhi Vadra,50000000,VALID,212
MP212,C212,ST18,MOHMAD HANEEFA,Mohmad Haneefa,50000000,VALID,213
MP213,C213,ST19,MUHAMMED HAMDULLAH SAYEED,Muhammed Hamdullah Sayeed,50000000,VALID,214
MP214,C214,ST20,ALOK SHARMA,Alok Sharma,50000000,VALID,215
MP215,C215,ST20,ANIL FIROJIYA,Anil Firojiya,50000000,VALID,216
MP216,C216,ST20,ASHISH DUBEY,Ashish Dubey,50000000,VALID,217
MP217,C217,ST20,BHARAT SINGH KUSHWAH,Bharat Singh Kushwah,50000000,VALID,218
MP218,C218,ST20,DARSHITA SINGH,Darshita Singh,50000000,VALID,219
MP219,C219,ST20,GAJENDRA PATEL,Gajendra Patel,50000000,VALID,220
MP220,C220,ST20,HIMADRI SINGH,Himadri Singh,50000000,VALID,221
MP221,C221,ST20,JYOTIRADITYA SCINDIA,Jyotiraditya Scindia,50000000,VALID,222
MP222,C222,ST20,KANGANA YADAV,Kangana Yadav,50000000,VALID,223
MP223,C223,ST20,LATA WANKHEDE,Lata Wankhede,50000000,VALID,224
MP224,C224,ST20,MAHENDRA SINGH SOLANKI,Mahendra Singh Solanki,50000000,VALID,225
MP225,C225,ST20,MANSHANKAR RAWAT,Manshankar Rawat,50000000,VALID,226
MP226,C226,ST20,RAKESH SINGH,Rakesh Singh,50000000,VALID,227
MP227,C227,ST20,RODMAL NAGAR,Rodmal Nagar,50000000,VALID,228
MP228,C228,ST20,SANDHYA RAY,Sandhya Ray,50000000,VALID,229
MP229,C229,ST20,SAVITRI THAKUR,Savitri Thakur,50000000,VALID,230
MP230,C230,ST20,SHANKAR LALWANI,Shankar Lalwani,50000000,VALID,231
MP231,C231,ST20,SHIVRAJ SINGH CHOUHAN,Shivraj Singh Chouhan,50000000,VALID,232
MP232,C232,ST20,SUDHIR GUPTA,Sudhir Gupta,50000000,VALID,233
MP233,C233,ST20,VIRENDRA KUMAR,Virendra Kumar,50000000,VALID,234
MP234,C234,ST20,V D SHARMA,V D Sharma,50000000,VALID,235
MP235,C235,ST20,DURGADAS UIKEY,Durgadas Uikey,50000000,VALID,236
MP236,C236,ST20,FAGGAN SINGH KULASTE,Faggan Singh Kulaste,50000000,VALID,237
MP237,C237,ST20,JANARDAN MISHRA,Janardan Mishra,50000000,VALID,238
MP238,C238,ST20,GANESH SINGH,Ganesh Singh,50000000,VALID,239
MP239,C239,ST20,RAJESH MISHRA,Rajesh Mishra,50000000,VALID,240
MP240,C240,ST20,BUNTY VIVEK SAHU,Bunty Vivek Sahu,50000000,VALID,241
MP241,C241,ST20,BHARTI PARDHI,Bharti Pardhi,50000000,VALID,242
MP242,C242,ST20,DARSHAN SINGH CHOUDHARY,Darshan Singh Choudhary,50000000,VALID,243
MP243,C243,ST21,AMOL GAJANAN KIRTIKAR,Amol Gajanan Kirtikar,50000000,VALID,244
MP244,C244,ST21,ANUP SANJAY DHOTRE,Anup Sanjay Dhotre,50000000,VALID,245
MP245,C245,ST21,ARVIND SAWANT,Arvind Sawant,50000000,VALID,246
MP246,C246,ST21,BALWANT BASWANT WANKHADE,Balwant Baswant Wankhade,50000000,VALID,247
MP247,C247,ST21,BHAUSAHEB RAJARAM WAKCHAURE,Bhausaheb Rajaram Wakchaure,50000000,VALID,248
MP248,C248,ST21,CHANDRAKANT KHARE,Chandrakant Khare,50000000,VALID,249
MP249,C249,ST21,CHAVAN VASANTRAO BALWANTRAO,Chavan Vasantrao Balwantrao,,MISSING_SOURCE_VALUE,250
MP250,C250,ST21,DHANANJAY MAHADIK,Dhananjay Mahadik,50000000,VALID,251
MP251,C251,ST21,DHAIRYASHEEL MOHITE PATIL,Dhairyasheel Mohite Patil,50000000,VALID,252
MP252,C252,ST21,GOWAL KAGADA PADVI,Gowal Kagada Padvi,50000000,VALID,253
MP253,C253,ST21,HEMANT VISHNU SAVARA,Hemant Vishnu Savara,50000000,VALID,254
MP254,C254,ST21,KALYANRAO PATIL,Kalyanrao Patil,50000000,VALID,255
MP255,C255,ST21,KALYAN JADHAV,Kalyan Jadhav,50000000,VALID,256
MP256,C256,ST21,MEDHA VISHRAM KULKARNI,Medha Vishram Kulkarni,50000000,VALID,257
MP257,C257,ST21,MURLIDHAR MOHOL,Murlidhar Mohol,50000000,VALID,258
MP258,C258,ST21,NANA PATOLE,Nana Patole,50000000,VALID,259
MP259,C259,ST21,NARESH GANPAT MHASKE,Naresh Ganpat Mhaske,50000000,VALID,260
MP260,C260,ST21,NITIN GADKARI,Nitin Gadkari,50000000,VALID,261
MP261,C261,ST21,OMPRAKASH RAJENIMBALKAR,Omprakash Rajenimbalkar,50000000,VALID,262
MP262,C262,ST21,PIYUSH GOYAL,Piyush Goyal,50000000,VALID,263
MP263,C263,ST21,PRANITI SHINDE,Praniti Shinde,50000000,VALID,264
MP264,C264,ST21,PRATIBHA DHANORKAR,Pratibha Dhanorkar,50000000,VALID,265
MP265,C265,ST21,PRAVEEN PATEL,Praveen Patel,50000000,VALID,266
MP266,C266,ST21,RAHUL SHEWALE,Rahul Shewale,50000000,VALID,267
MP267,C267,ST21,RAJAN VICHARE,Rajan Vichare,50000000,VALID,268
MP268,C268,ST21,SANJAY DINA PATIL,Sanjay Dina Patil,50000000,VALID,269
MP269,C269,ST21,SANJAYKAKA PATIL,Sanjaykaka Patil,50000000,VALID,270
MP270,C270,ST21,SANJAY UTTAMRAO DESHMUKH,Sanjay Uttamrao Deshmukh,50000000,VALID,271
MP271,C271,ST21,SHAILESH JADHAV,Shailesh Jadhav,50000000,VALID,272
MP272,C272,ST21,SHIVAJIRAO KALGE,Shivajirao Kalge,50000000,VALID,273
MP273,C273,ST21,SHRIKANT SHINDE,Shrikant Shinde,50000000,VALID,274
MP274,C274,ST21,SHRINGARE SUDHAKAR TUKARAM,Shringare Sudhakar Tukaram,50000000,VALID,275
MP275,C275,ST21,SMITA WAGH,Smita Wagh,50000000,VALID,276
MP276,C276,ST21,SUNIL TATKARE,Sunil Tatkare,50000000,VALID,277
MP277,C277,ST21,SUPRIYA SULE,Supriya Sule,50000000,VALID,278
MP278,C278,ST21,SURESH DHANORKAR,Suresh Dhanorkar,50000000,VALID,279
MP279,C279,ST21,UDAYANRAJE BHOSALE,Udayanraje Bhosale,50000000,VALID,280
MP280,C280,ST21,VARSHA GAIKWAD,Varsha Gaikwad,50000000,VALID,281
MP281,C281,ST21,VIKAS THAKRE,Vikas Thakre,50000000,VALID,282
MP282,C282,ST21,VISHAL PATIL,Vishal Patil,50000000,VALID,283
MP283,C283,ST21,ANIL DESAI,Anil Desai,50000000,VALID,284
MP284,C284,ST21,BHASKAR BHAGARE,Bhaskar Bhagare,50000000,VALID,285
MP285,C285,ST21,SHOBHA BACHHAV,Shobha Bachhav,50000000,VALID,286
MP286,C286,ST21,RAJA BHAU WAJE,Raja Bhau Waje,50000000,VALID,287
MP287,C287,ST21,KALYAN KALE,Kalyan Kale,50000000,VALID,288
MP288,C288,ST21,NAGESH PATIL ASHTIKAR,Nagesh Patil Ashtikar,50000000,VALID,289
MP289,C289,ST21,BAJRANG SONWANE,Bajrang Sonwane,50000000,VALID,290
MP290,C290,ST21,NILESH LANKE,Nilesh Lanke,50000000,VALID,291
MP291,C291,ST22,ALFRED KANNGAM S ARTHUR,Alfred Kanngam S Arthur,50000000,VALID,292
MP292,C292,ST22,ANGOCHA THOUDAM,Angocha Thoudam,50000000,VALID,293
MP293,C293,ST23,RICKY ANDREW J SYNGKON,Ricky Andrew J Syngkon,50000000,VALID,294
MP294,C294,ST23,SALENG A SANGMA,Saleng A Sangma,50000000,VALID,295
MP295,C295,ST24,RICHARD VANLALHMANGIAIHA,Richard Vanlalhmangiaiha,50000000,VALID,296
MP296,C296,ST25,S SUPONGMEREN JAMIR,S Supongmeren Jamir,50000000,VALID,297
MP297,C297,ST26,ANANTA NAYAK,Ananta Nayak,50000000,VALID,298
MP298,C298,ST26,APARAJITA SARANGI,Aparajita Sarangi,50000000,VALID,299
MP299,C299,ST26,BAIJOYANT PANDA,Baijoyant Panda,50000000,VALID,300
MP300,C300,ST26,BALABHADRA MAJHI,Balabhadra Majhi,50000000,VALID,301
MP301,C301,ST26,BHARTRUHARI MAHTAB,Bhartruhari Mahtab,50000000,VALID,302
MP302,C302,ST26,BIBHU PRASAD TARAI,Bibhu Prasad Tarai,50000000,VALID,303
MP303,C303,ST26,DHARMENDRA PRADHAN,Dharmendra Pradhan,50000000,VALID,304
MP304,C304,ST26,JUAL ORAM,Jual Oram,50000000,VALID,305
MP305,C305,ST26,MALVIKA DEVI,Malvika Devi,50000000,VALID,306
MP306,C306,ST26,NABIN KUMAR NAYAK,Nabin Kumar Nayak,50000000,VALID,307
MP307,C307,ST26,PRADEEP PUROHIT,Pradeep Purohit,50000000,VALID,308
MP308,C308,ST26,PRATAP CHANDRA SARANGI,Pratap Chandra Sarangi,50000000,VALID,309
MP309,C309,ST26,RABINDRANARAYAN BEHERA,Rabindranarayan Behera,50000000,VALID,310
MP310,C310,ST26,RUDRA NARAYAN PANY,Rudra Narayan Pany,50000000,VALID,311
MP311,C311,ST26,SAMBIT PATRA,Sambit Patra,50000000,VALID,312
MP312,C312,ST26,SANGEETA KUMARI SINGH DEO,Sangeeta Kumari Singh Deo,50000000,VALID,313
MP313,C313,ST26,SAPTAGIRI SANKAR ULAKA,Saptagiri Sankar Ulaka,50000000,VALID,314
MP314,C314,ST26,SUKESH NAYAK,Sukesh Nayak,50000000,VALID,315
MP315,C315,ST26,ANITA SUBHADARSHINI,Anita Subhadarshini,50000000,VALID,316
MP316,C316,ST26,PRADEEP PANIGRAHY,Pradeep Panigrahy,50000000,VALID,317
MP317,C317,ST26,AVIMANYU SETHI,Avimanyu Sethi,50000000,VALID,318
MP318,C318,ST27,VE VAITHILINGAM,Ve Vaithilingam,50000000,VALID,319
MP319,C319,ST28,AMAR SINGH,Amar Singh,50000000,VALID,320
MP320,C320,ST28,AMRITPAL SINGH,Amritpal Singh,50000000,VALID,321
MP321,C321,ST28,CHARANJIT SINGH CHANNI,Charanjit Singh Channi,50000000,VALID,322
MP322,C322,ST28,DHARAMVIRA GANDHI,Dharamvira Gandhi,50000000,VALID,323
MP323,C323,ST28,GURJEET SINGH AUJLA,Gurjeet Singh Aujla,50000000,VALID,324
MP324,C324,ST28,HARSIMRAT KAUR BADAL,Harsimrat Kaur Badal,50000000,VALID,325
MP325,C325,ST28,MALVINDER SINGH KANG,Malvinder Singh Kang,50000000,VALID,326
MP326,C326,ST28,MEET HEYER,Meet Heyer,50000000,VALID,327
MP327,C327,ST28,RAJA WARRING,Raja Warring,50000000,VALID,328
MP328,C328,ST28,RAJKUMAR CHHABEWAL,Rajkumar Chhabewal,50000000,VALID,329
MP329,C329,ST28,SARABJEET SINGH KHALSA,Sarabjeet Singh Khalsa,50000000,VALID,330
MP330,C330,ST28,SHER SINGH GHUBAYA,Sher Singh Ghubaya,50000000,VALID,331
MP331,C331,ST28,SUKHBIR SINGH BADAL,Sukhbir Singh Badal,50000000,VALID,332
MP332,C332,ST29,BHAGIRATH CHOUDHARY,Bhagirath Choudhary,50000000,VALID,333
MP333,C333,ST29,BHAJAN LAL JATAV,Bhajan Lal Jatav,50000000,VALID,334
MP334,C334,ST29,BRIJENDRA OLA,Brijendra Ola,50000000,VALID,335
MP335,C335,ST29,C P JOSHI,C P Joshi,50000000,VALID,336
MP336,C336,ST29,DAMODAR GURJAR,Damodar Gurjar,50000000,VALID,337
MP337,C337,ST29,GAJENDRA SINGH SHEKHAWAT,Gajendra Singh Shekhawat,50000000,VALID,338
MP338,C338,ST29,HANUMAN BENIWAL,Hanuman Beniwal,50000000,VALID,339
MP339,C339,ST29,HARISH MEENA,Harish Meena,50000000,VALID,340
MP340,C340,ST29,LUMBARAM CHOUDHARY,Lumbaram Choudhary,50000000,VALID,341
MP341,C341,ST29,MAHIMA KUMARI MEWAR,Mahima Kumari Mewar,50000000,VALID,342
MP342,C342,ST29,MANJU SHARMA,Manju Sharma,50000000,VALID,343
MP343,C343,ST29,MANNA LAL RAWAT,Manna Lal Rawat,50000000,VALID,344
MP344,C344,ST29,MURLIDHAR MEENA,Murlidhar Meena,50000000,VALID,345
MP345,C345,ST29,OM BIRLA,Om Birla,50000000,VALID,346
MP346,C346,ST29,P P CHAUDHARY,P P Chaudhary,50000000,VALID,347
MP347,C347,ST29,RAHUL KASWAN,Rahul Kaswan,50000000,VALID,348
MP348,C348,ST29,RAJKUMAR ROAT,Rajkumar Roat,50000000,VALID,349
MP349,C349,ST29,SANJANA JATAV,Sanjana Jatav,50000000,VALID,350
MP350,C350,ST29,SUBHASH CHANDRA BAHERIA,Subhash Chandra Baheria,50000000,VALID,351
MP351,C351,ST29,UMMEDA RAM BENIWAL,Ummeda Ram Beniwal,50000000,VALID,352
MP352,C352,ST29,ARJUN RAM MEGHWAL,Arjun Ram Meghwal,50000000,VALID,353
MP353,C353,ST29,KULDEEP INDORA,Kuldeep Indora,50000000,VALID,354
MP354,C354,ST29,AMRA RAM,Amra Ram,50000000,VALID,355
MP355,C355,ST29,LALIT YADAV,Lalit Yadav,50000000,VALID,356
MP356,C356,ST29,DUSHYANT SINGH,Dushyant Singh,50000000,VALID,357
MP357,C357,ST30,INDRA HANG SUBBA,Indra Hang Subba,50000000,VALID,358
MP358,C358,ST31,A RAJA,A Raja,50000000,VALID,359
MP359,C359,ST31,C ROBERT BRUCE,C Robert Bruce,50000000,VALID,360
MP360,C360,ST31,DAYANIDHI MARAN,Dayanidhi Maran,50000000,VALID,361
MP361,C361,ST31,DURAIMURUGAN KATHIR ANAND,Duraimurugan Kathir Anand,50000000,VALID,362
MP362,C362,ST31,DURAI VAIKO,Durai Vaiko,50000000,VALID,363
MP363,C363,ST31,GANAPATHI RAJKUMAR,Ganapathi Rajkumar,50000000,VALID,364
MP364,C364,ST31,JOTHIMANI S,Jothimani S,50000000,VALID,365
MP365,C365,ST31,K SUDHAKARAN,K Sudhakaran,50000000,VALID,366
MP366,C366,ST31,KANIMOZHI KARUNANIDHI,Kanimozhi Karunanidhi,50000000,VALID,367
MP367,C367,ST31,KARTI P CHIDAMBARAM,Karti P Chidambaram,50000000,VALID,368
MP368,C368,ST31,MANICKAM TAGORE,Manickam Tagore,50000000,VALID,369
MP369,C369,ST31,NATARAJAN P R,Natarajan P R,50000000,VALID,370
MP370,C370,ST31,NAVASKANI K,Navaskani K,50000000,VALID,371
MP371,C371,ST31,P VELUSAMY,P Velusamy,50000000,VALID,372
MP372,C372,ST31,R GIRIRAJAN,R Girirajan,50000000,VALID,373
MP373,C373,ST31,R SACHITHANANDHAM,R Sachithanandham,50000000,VALID,374
MP374,C374,ST31,S JAGATHRAKSHAKAN,S Jagathrakshakan,50000000,VALID,375
MP375,C375,ST31,S JOTHIMANI,S Jothimani,50000000,VALID,376
MP376,C376,ST31,S SELVAGANAPATHI,S Selvaganapathi,50000000,VALID,377
MP377,C377,ST31,S VENKATESAN,S Venkatesan,50000000,VALID,378
MP378,C378,ST31,SASIKANTH SENTHIL,Sasikanth Senthil,50000000,VALID,379
MP379,C379,ST31,T R BAALU,T R Baalu,50000000,VALID,380
MP380,C380,ST31,TAMILACHI THANGAPANDIAN,Tamilachi Thangapandian,50000000,VALID,381
MP381,C381,ST31,THIRUMAVALAVAN THOL,Thirumavalavan Thol,50000000,VALID,382
MP382,C382,ST31,VIJAYAKUMAR ALIAS VIJAY VASANTH,Vijayakumar Alias Vijay Vasanth,50000000,VALID,383
MP383,C383,ST31,GOPINATH K,Gopinath K,50000000,VALID,384
MP384,C384,ST31,A MANI,A Mani,50000000,VALID,385
MP385,C385,ST31,K E PRAKASH,K E Prakash,50000000,VALID,386
MP386,C386,ST31,K SUBBARAYAN,K Subbarayan,50000000,VALID,387
MP387,C387,ST31,C N ANNADURAI,C N Annadurai,50000000,VALID,388
MP388,C388,ST31,D M KATHIR ANAND,D M Kathir Anand,50000000,VALID,389
MP389,C389,ST31,MALAIYARASAN D,Malaiyarasan D,50000000,VALID,390
MP390,C390,ST31,R DHARANIDHARAN,R Dharanidharan,50000000,VALID,391
MP391,C391,ST31,SU THIRUNAVUKKARASAR,Su Thirunavukkarasar,50000000,VALID,392
MP392,C392,ST31,M K VISHNUPRASAD,M K Vishnuprasad,50000000,VALID,393
MP393,C393,ST31,MURASOLI S,Murasoli S,50000000,VALID,394
MP394,C394,ST31,R SUDHA,R Sudha,50000000,VALID,395
MP395,C395,ST31,V SELVARAJ,V Selvaraj,50000000,VALID,396
MP396,C396,ST31,RAVIKUMAR D,Ravikumar D,50000000,VALID,397
MP397,C397,ST32,ASADUDDIN OWAISI,Asaduddin Owaisi,50000000,VALID,398
MP398,C398,ST32,BANDI SANJAY KUMAR,Bandi Sanjay Kumar,50000000,VALID,399
MP399,C399,ST32,CHAMALA KIRAN KUMAR REDDY,Chamala Kiran Kumar Reddy,50000000,VALID,400
MP400,C400,ST32,D K ARUNA,D K Aruna,50000000,VALID,401
MP401,C401,ST32,DHANASARI ANASUYA SEETHAKKA,Dhanasari Anasuya Seethakka,50000000,VALID,402
MP402,C402,ST32,ETELA RAJENDER,Etela Rajender,50000000,VALID,403
MP403,C403,ST32,G KISHAN REDDY,G Kishan Reddy,50000000,VALID,404
MP404,C404,ST32,KADIYAM KAVYA,Kadiyam Kavya,50000000,VALID,405
MP405,C405,ST32,KONDA VISHWESHWAR REDDY,Konda Vishweshwar Reddy,50000000,VALID,406
MP406,C406,ST32,KUNDURU RAGHUVEER,Kunduru Raghuveer,50000000,VALID,407
MP407,C407,ST32,M MALLIKARJUN GOUD,M Mallikarjun Goud,50000000,VALID,408
MP408,C408,ST32,PORIKA BALRAM NAIK,Porika Balram Naik,50000000,VALID,409
MP409,C409,ST32,RAGHURAM REDDY,Raghuram Reddy,50000000,VALID,410
MP410,C410,ST32,RAMASAHAYAM RAGHURAM REDDY,Ramasahayam Raghuram Reddy,50000000,VALID,411
MP411,C411,ST32,G NAGESH,G Nagesh,50000000,VALID,412
MP412,C412,ST32,G VAMSHI KRISHNA,G Vamshi Krishna,50000000,VALID,413
MP413,C413,ST32,ARVIND DHARMAPURI,Arvind Dharmapuri,50000000,VALID,414
MP414,C414,ST33,BIROB ROY DEBBARMA,Birob Roy Debbarma,50000000,VALID,415
MP415,C415,ST33,BIPLAB KUMAR DEB,Biplab Kumar Deb,50000000,VALID,416
MP416,C416,ST34,AFZAL ANSARI,Afzal Ansari,50000000,VALID,417
MP417,C417,ST34,AJAY RAI,Ajay Rai,50000000,VALID,418
MP418,C418,ST34,AKHILESH YADAV,Akhilesh Yadav,50000000,VALID,419
MP419,C419,ST34,ANAND BHADAURIYA,Anand Bhadauriya,50000000,VALID,420
MP420,C420,ST34,ANUPRIYA PATEL,Anupriya Patel,50000000,VALID,421
MP421,C421,ST34,ANURAG PANDEY,Anurag Pandey,50000000,VALID,422
MP422,C422,ST34,ARUN GOVIL,Arun Govil,50000000,VALID,423
MP423,C423,ST34,AWADHESH PRASAD,Awadhesh Prasad,50000000,VALID,424
MP424,C424,ST34,BABU SINGH KUSHWAHA,Babu Singh Kushwaha,50000000,VALID,425
MP425,C425,ST34,CHANDRASHEKHAR AZAD,Chandrashekhar Azad,50000000,VALID,426
MP426,C426,ST34,CHHOTELAL KHARWAR,Chhotelal Kharwar,50000000,VALID,427
MP427,C427,ST34,DEVENDRA SINGH BHOLE,Devendra Singh Bhole,50000000,VALID,428
MP428,C428,ST34,DHARMENDRA YADAV,Dharmendra Yadav,50000000,VALID,429
MP429,C429,ST34,DIMPLE YADAV,Dimple Yadav,50000000,VALID,430
MP430,C430,ST34,DINESH PRATAP SINGH,Dinesh Pratap Singh,50000000,VALID,431
MP431,C431,ST34,HEMA MALINI,Hema Malini,50000000,VALID,432
MP432,C432,ST34,IMRAN MASOOD,Imran Masood,50000000,VALID,433
MP433,C433,ST34,IQRA HASAN,Iqra Hasan,50000000,VALID,434
MP434,C434,ST34,JAGDAMBIKA PAL,Jagdambika Pal,50000000,VALID,435
MP435,C435,ST34,JAIVEER SINGH,Jaiveer Singh,50000000,VALID,436
MP436,C436,ST34,JITIN PRASADA,Jitin Prasada,50000000,VALID,437
MP437,C437,ST34,KAMLESH PASWAN,Kamlesh Paswan,50000000,VALID,438
MP438,C438,ST34,KANWAR SINGH TANWAR,Kanwar Singh Tanwar,50000000,VALID,439
MP439,C439,ST34,KIRANVEER SINGH,Kiranveer Singh,50000000,VALID,440
MP440,C440,ST34,KISHORI LAL SHARMA,Kishori Lal Sharma,50000000,VALID,441
MP441,C441,ST34,LALJI VERMA,Lalji Verma,50000000,VALID,442
MP442,C442,ST34,MAHESH SHARMA,Mahesh Sharma,50000000,VALID,443
MP443,C443,ST34,MANEKA GANDHI,Maneka Gandhi,50000000,VALID,444
MP444,C444,ST34,MANOJ KUMAR TIWARI,Manoj Kumar Tiwari,50000000,VALID,445
MP445,C445,ST34,MOHAMMAD AZAM KHAN,Mohammad Azam Khan,50000000,VALID,446
MP446,C446,ST34,MOHIBULLAH NADVI,Mohibullah Nadvi,50000000,VALID,447
MP447,C447,ST34,MUKESH RAJPOOT,Mukesh Rajpoot,50000000,VALID,448
MP448,C448,ST34,NARENDRA MODI,Narendra Modi,50000000,VALID,449
MP449,C449,ST34,NEERAJ SHEKHAR,Neeraj Shekhar,50000000,VALID,450
MP450,C450,ST34,PRAVEEN PATEL,Praveen Patel,50000000,VALID,451
MP451,C451,ST34,PUSHPENDRA SAROJ,Pushpendra Saroj,50000000,VALID,452
MP452,C452,ST34,RADHEY SHYAM BHARGAVA,Radhey Shyam Bhargava,50000000,VALID,453
MP453,C453,ST34,RAHUL GANDHI,Rahul Gandhi,50000000,VALID,454
MP454,C454,ST34,RAJ BABBAR,Raj Babbar,50000000,VALID,455
MP455,C455,ST34,RAJNATH SINGH,Rajnath Singh,50000000,VALID,456
MP456,C456,ST34,RAJVEER SINGH,Rajveer Singh,50000000,VALID,457
MP457,C457,ST34,RAM BHAWAN NISHAD,Ram Bhawan Nishad,50000000,VALID,458
MP458,C458,ST34,RAM SHANKAR KATHERIA,Ram Shankar Katheria,50000000,VALID,459
MP459,C459,ST34,RAM PRASAD CHAUDHARY,Ram Prasad Chaudhary,50000000,VALID,460
MP460,C460,ST34,RAMESH CHAND BIND,Ramesh Chand Bind,50000000,VALID,461
MP461,C461,ST34,RAVI KISHAN,Ravi Kishan,50000000,VALID,462
MP462,C462,ST34,RUCHI VIRA,Ruchi Vira,50000000,VALID,463
MP463,C463,ST34,SACHINDRA PRATAP SINGH,Sachindra Pratap Singh,50000000,VALID,464
MP464,C464,ST34,SANJEEV BALYAN,Sanjeev Balyan,50000000,VALID,465
MP465,C465,ST34,SATISH KUMAR GAUTAM,Satish Kumar Gautam,50000000,VALID,466
MP466,C466,ST34,SHIVPAL SINGH YADAV,Shivpal Singh Yadav,50000000,VALID,467
MP467,C467,ST34,SMITA SINGH,Smita Singh,50000000,VALID,468
MP468,C468,ST34,SONELAL PATEL,Sonelal Patel,50000000,VALID,469
MP469,C469,ST34,SUBHASH PATEL,Subhash Patel,50000000,VALID,470
MP470,C470,ST34,TANUJ PUNIA,Tanuj Punia,50000000,VALID,471
MP471,C471,ST34,UTKARSH VERMA,Utkarsh Verma,50000000,VALID,472
MP472,C472,ST34,VINOD KUMAR BIND,Vinod Kumar Bind,50000000,VALID,473
MP473,C473,ST34,VIRENDRA SINGH,Virendra Singh,50000000,VALID,474
MP474,C474,ST34,VISHAL VERMA,Vishal Verma,50000000,VALID,475
MP475,C475,ST34,ZIA UR REHMAN BARQ,Zia Ur Rehman Barq,50000000,VALID,476
MP476,C476,ST34,HARENDRA SINGH MALIK,Harendra Singh Malik,50000000,VALID,477
MP477,C477,ST34,ATUL PRADHAN,Atul Pradhan,50000000,VALID,478
MP478,C478,ST34,CHANDAN CHAUHAN,Chandan Chauhan,50000000,VALID,479
MP479,C479,ST34,RAJESH VERMA,Rajesh Verma,50000000,VALID,480
MP480,C480,ST34,JAI PRAKASH RAWAT,Jai Prakash Rawat,50000000,VALID,481
MP481,C481,ST34,ASHOK KUMAR RAWAT,Ashok Kumar Rawat,50000000,VALID,482
MP482,C482,ST34,SAKSHI MAHARAJ,Sakshi Maharaj,50000000,VALID,483
MP483,C483,ST34,S P SINGH BAGHEL,S P Singh Baghel,50000000,VALID,484
MP484,C484,ST34,ANURAG SHARMA,Anurag Sharma,50000000,VALID,485
MP485,C485,ST34,KRISHNA PATEL,Krishna Patel,50000000,VALID,486
MP486,C486,ST34,KIRAN PAL SINGH,Kiran Pal Singh,50000000,VALID,487
MP487,C487,ST34,BHOLA SINGH,Bhola Singh,50000000,VALID,488
MP488,C488,ST34,RAMESH AWASTHI,Ramesh Awasthi,50000000,VALID,489
MP489,C489,ST34,NARESH UTTAM PATEL,Naresh Uttam Patel,50000000,VALID,490
MP490,C490,ST34,UJJWAL RAMAN SINGH,Ujjwal Raman Singh,50000000,VALID,491
MP491,C491,ST34,KESHAV PRASAD MAURYA,Keshav Prasad Maurya,50000000,VALID,492
MP492,C492,ST34,R K SINGH PATEL,R K Singh Patel,50000000,VALID,493
MP493,C493,ST34,SHRAWAN KUMAR NISHAD,Shrawan Kumar Nishad,50000000,VALID,494
MP494,C494,ST34,LAXMIKANT BAJPAI,Laxmikant Bajpai,50000000,VALID,495
MP495,C495,ST34,VIJAY KUMAR DUBEY,Vijay Kumar Dubey,50000000,VALID,496
MP496,C496,ST34,SHASHANK MANI TRIPATHI,Shashank Mani Tripathi,50000000,VALID,497
MP497,C497,ST34,SANATAN PANDEY,Sanatan Pandey,50000000,VALID,498
MP498,C498,ST34,SADAL PRASAD,Sadal Prasad,50000000,VALID,499
MP499,C499,ST34,DINESH LAL YADAV NIRAHUA,Dinesh Lal Yadav Nirahua,50000000,VALID,500
MP500,C500,ST34,DAROGA PRASAD SAROJ,Daroga Prasad Saroj,50000000,VALID,501
MP501,C501,ST34,PRIYA SAROJ,Priya Saroj,50000000,VALID,502
MP502,C502,ST34,BRIJ BHUSHAN SHARAN SINGH,Brij Bhushan Sharan Singh,50000000,VALID,503
MP503,C503,ST34,KARAN BHUSHAN SINGH,Karan Bhushan Singh,50000000,VALID,504
MP504,C504,ST34,ANAND SEN YADAV,Anand Sen Yadav,50000000,VALID,505
MP505,C505,ST34,PRASHANT KISHORE,Prashant Kishore,50000000,VALID,506
MP506,C506,ST34,KIRTI VARDHAN SINGH,Kirti Vardhan Singh,50000000,VALID,507
MP507,C507,ST34,RAM SHIROMANI VERMA,Ram Shiromani Verma,50000000,VALID,508
MP508,C508,ST34,ANAND MOHAN,Anand Mohan,50000000,VALID,509
MP509,C509,ST35,AJAY BHATT,Ajay Bhatt,50000000,VALID,510
MP510,C510,ST35,AJAY TAMTA,Ajay Tamta,50000000,VALID,511
MP511,C511,ST35,ANIL BALUNI,Anil Baluni,50000000,VALID,512
MP512,C512,ST35,MALARAJYA LAXMI SHAH,Malarajya Laxmi Shah,50000000,VALID,513
MP513,C513,ST35,TRIVENDRA SINGH RAWAT,Trivendra Singh Rawat,50000000,VALID,514
MP514,C514,ST36,ABHISHEK BANERJEE,Abhishek Banerjee,50000000,VALID,515
MP515,C515,ST36,ADHIR RANJAN CHOWDHURY,Adhir Ranjan Chowdhury,50000000,VALID,516
MP516,C516,ST36,ANUPAM HAZRA,Anupam Hazra,50000000,VALID,517
MP517,C517,ST36,ARUN BHARATI,Arun Bharati,50000000,VALID,518
MP518,C518,ST36,ASIT KUMAR MAL,Asit Kumar Mal,50000000,VALID,519
MP519,C519,ST36,DEEPAK ADHIKARI (DEV),Deepak Adhikari (dev),50000000,VALID,520
MP520,C520,ST36,DILIP GHOSH,Dilip Ghosh,50000000,VALID,521
MP521,C521,ST36,JAGANNATH SARKAR,Jagannath Sarkar,50000000,VALID,522
MP522,C522,ST36,JYOTIRMAY SINGH MAHATO,Jyotirmay Singh Mahato,50000000,VALID,523
MP523,C523,ST36,KALYAN BANERJEE,Kalyan Banerjee,50000000,VALID,524
MP524,C524,ST36,KHALILUR RAHMAN,Khalilur Rahman,50000000,VALID,525
MP525,C525,ST36,KHAGEN MURMU,Khagen Murmu,50000000,VALID,526
MP526,C526,ST36,MAHUA MOITRA,Mahua Moitra,50000000,VALID,527
MP527,C527,ST36,MALATY RAJBHAR,Malaty Rajbhar,50000000,VALID,528
MP528,C528,ST36,NISITH PRAMANIK,Nisith Pramanik,50000000,VALID,529
MP529,C529,ST36,PRATIMA BHOUMIK,Pratima Bhoumik,50000000,VALID,530
MP530,C530,ST36,PRASUN BANERJEE,Prasun Banerjee,50000000,VALID,531
MP531,C531,ST36,RAJU BISTA,Raju Bista,50000000,VALID,532
MP532,C532,ST36,SACHIN PILOT,Sachin Pilot,50000000,VALID,533
MP533,C533,ST36,SATABDI ROY,Satabdi Roy,50000000,VALID,534
MP534,C534,ST36,SAUMITRA KHAN,Saumitra Khan,50000000,VALID,535
MP535,C535,ST36,SAYANI GHOSH,Sayani Ghosh,50000000,VALID,536
MP536,C536,ST36,SHANTANU THAKUR,Shantanu Thakur,50000000,VALID,537
MP537,C537,ST36,SHATRU GHAN PRASAD SINHA,Shatru Ghan Prasad Sinha,50000000,VALID,538
MP538,C538,ST36,SUKANTA MAJUMDAR,Sukanta Majumdar,50000000,VALID,539
MP539,C539,ST36,SUDIP BANDYOPADHYAY,Sudip Bandyopadhyay,50000000,VALID,540
MP540,C540,ST36,SUGATA BOSE,Sugata Bose,50000000,VALID,541
MP541,C541,ST36,YUSUF PATHAN,Yusuf Pathan,50000000,VALID,542
MP542,C542,ST36,PARTHA BHOWMICK,Partha Bhowmick,50000000,VALID,543
MP543,C543,ST36,KIRTIAZAD,Kirtiazad,50000000,VALID,544